english,hausa
inclined,saurara
older,tsofaffin
proudly,fariya
awakened,barcinsa
refine,tace
supplication,roƙon
revive,rayar
transgressions,zunubai
search,bincika
repayment,muku
camel,raƙumi
anath,anat
almost,kusan
zimri,zimri
hidden,ɓoye
captives,kamammu
including,rarrafe
rather,maimakon
lustfulness,lalata
palti,falti
hobab,hobab
faithless,zamani
ve,kika
charioteers,shobak
furniture,kayayyakinsa
condemns,hukunci
shields,garkuwoyi
dust,ƙura
western,yammanci
many,yawa
rejected,ƙi
substance,dukiyarku
plow,noma
evangelist,bishara
image,gunki
home,gida
educated,karatu
ravaged,hallaka
bashan,bashan
deeds,ayyukansa
alemeth,alemet
ishbosheth,ish
alamoth,alamot
observe,idodi
honored,girmamawa
died,mutu
doom,lokaci
holon,holon
sicknesses,masu
counseled,kaza
genealogies,zuriyoyi
tiberias,tibariya
bakers,kuma
musical,kiɗi
cursing,antarwa
reminding,rubuta
tonight,daren
dunghill,gunduwa
chronicles,tarihin
clap,tafa
conceived,haifi
amram,amram
ir,ir
stronger,fi
jotham,yotam
agitating,suna
hope,bege
pihahiroth,hahirot
joint,mag
caressed,rungumi
return,koma
rolled,gungurar
struggled,kokawa
kadesh,kadesh
windows,tagogi
onam,onam
levi,lawi
guiding,yake
chariot,keken
truthful,mashaidin
baker,tuya
plant,dasa
overlay,dalaye
forms,halicci
adiel,adiyel
foreign,baƙuwar
relieve,ƙarfafa
holiday,kyautai
wiping,kan
hinds,ƙishimai
led,bishe
ashtoreth,alliyar
baalath,alat
borne,kabarinta
towns,ƙauyukanta
kenaz,kenaz
joy,farin
whoever,duk
laughs,dariyar
liken,kwatanta
tilled,nome
sour,tsami
otherwise,ayyuka
lehabim,anamawa
hatipha,neziya
flourishes,haɓaka
goldsmiths,gyaren
inn,masauƙi
soap,sabulu
parts,kashi
tremble,rawar
naamathite,zofar
neco,neko
eli,eli
meshillemoth,meshillemot
hill,tudu
renewing,s
settlements,zamansu
edomite,doyeg
needle,allura
hirah,hira
jeduthun,yedutun
visit,magance
flutes,busa
night,dare
hamor,hamor
rimmon,rimmon
lydia,lidiya
itself,mushe
gilonite,gilo
scared,firgita
shoulder,kafaɗa
commanding,sojan
conquer,na
jahzeel,yazeyel
feasts,ƙayyadaddun
herds,garkunan
insulted,zazzage
amount,da
accomplished,shuɗe
temple,haikali
loosens,y
choose,zaɓa
traveled,sansani
gossip,gulma
bruised,kyauron
pul,ful
roi,lahai
egg,ƙwai
atad,atad
baby,jaririn
reads,karanta
out,daga
bukki,bukki
withered,yanƙwane
labored,jaririya
oars,matuƙan
meribah,meriba
loves,ƙaunar
ithiel,itiyel
ruler,gyaren
sorrow,baƙin
zabdiel,zabdiyel
thus,dokin
cilicia,silisiya
diadem,daraja
idleness,ba
displeased,uzza
fury,meshak
emim,emawa
infirmity,mace
dishonor,wulaƙanci
zacharias,elizabet
adulteress,mazinaciya
canaanites,aniyawa
diviners,mafarkan
spied,leƙo
degraded,kuma
reapers,bowaz
burns,ɗumi
adulteries,fasikanci
cause,dalili
we,mu
obtained,tagomashinsa
trusts,dogara
zabad,zabad
eliphelet,elifelet
hodaviah,hodawiya
abstain,murɗe
clad,kwanon
drawn,bakan
ibleam,ibileyam
then,sa'an nan
ransacked,washe
beds,gadajensu
raging,linzamina
s,ubangiji
husham,husham
singleness,iyayengijinku
whistle,feɗuwa
record,lissafta
exported,hittiyawa
vats,sabon
lycaonia,suka
distance,gadi
rode,hau
hagrites,hagirawa
zoar,zowar
aiah,aiya
feet,ƙafafunsa
mixed,lallausan
screen,labulen
blacksmith,maƙeri
willows,wardi
play,karuwanci
fox,nan
impediment,magana
moseroth,moserot
covenant,alkawari
maybe,je
upholds,mugaye
strongly,so
seals,hatimai
luxurious,wurin
negev,negeb
beckoned,re
putting,riƙa
destroyers,hallakarwa
handles,gudu
deed,liƙe
revolted,libna
sows,girbe
sepharvaim,sefarfayim
humbly,yi
socoh,soko
sorcerers,sihiri
treason,ataliya
perceived,gane
entertained,alheri
discipline,horo
bernice,bernis
storehouses,ajiya
allow,tsarkinka
ithamar,itamar
virtue,na
careless,riya
lebanon,lebanon
five,biyar
adversaries,maƙiyansa
bush,matso
howling,kamar
willing,niyya
thrust,soke
shall,za
veiled,da
claim,sarki
rabsaris,bafade
dwellings,tsararraki
knowing,sane
persecuted,tsananta
treasured,ba
sting,mutuwa
ekronites,ekron
cheek,mari
mark,markus
maintain,roƙonsu
sex,jima
welfare,zaman
carpets,na
cast,jefa
foaming,kumfa
cursed,ananne
smiths,maƙera
cool,waye
lot,lot
awake,farka
rubble,juji
archippus,arkiffus
merab,merab
anxiety,rana
inhabit,gidaje
finally,ƙarshe
asaiah,asahiya
pallu,fallu
ephah,efa
midianite,bamidiyana
levy,solomon
zippor,ziffor
shelemiah,shelemiya
forgive,gafarta
whom,wanda
floods,tekuna
queen,sarauniya
limit,da
sits,kursiyi
moab,mowab
weak,raunana
found,sami
great,girma
perfumes,yaji
presence,gabanka
buried,binne
baasha,asha
eggs,ƙwan
skirt,shafin
chain,sarƙar
presented,gabatar
judge,shari
heaven,sama
walled,hanyata
workings,a
zealot,zilot
human,ikon
lamented,juji
erastus,erastus
submission,kamata
disciples,almajiransa
ishbak,zimran
hip,an
surrounded,kewaye
basins,cokula
zillah,zilla
zephaniah,zefaniya
beelzebul,elzebub
thunderings,tsawa
acquainted,saba
clothe,sutura
samuel,sama
councils,majami
booths,makoni
kohathites,kohatawa
idolatrous,firistocin
grave,kabarinta
securely,lafiya
scapegoat,azazel
justify,kuɓutar
ephrathah,efrata
conferred,shawara
breath,numfashi
hittite,hitti
blasphemy,saɓon
shuts,buɗe
drunkard,mashayi
wool,ulu
perverts,makanta
lace,shuɗiyar
adullamite,hira
tomorrow,gobe
champion,goliyat
barnea,barneya
flatteries,amma
perfumed,mur
lock,na
malchishua,malki
dying,nutse
conscience,lamiri
mock,bulala
jabez,yabez
took,ɗauki
oils,mai
melech,fiton
caused,haddasa
bought,saya
yet,duk
shut,kulle
recompensed,haka
weights,magwajin
arba,kiriyat
strivings,harin
seba,seba
breast,ƙirjin
his,nasa
farmers,hayan
strengthens,yakan
perverse,muguwar
understanding,ganewa
violence,rikici
knife,wuƙa
plunder,ganima
furious,ya
dross,ƙwan
gibbethon,gibbeton
dungeon,melek
peacocks,birai
tirhakah,tirhaka
fed,ciyar
covetous,kwaɗayi
mary,maryamu
perhaps,wataƙila
unbeliever,marar
content,gamsu
level,sumul
cisterns,rijiyoyin
watchful,faɗake
landed,sauka
stroke,ɗigo
cushi,kushi
hananiah,hananiya
naphish,nafish
stops,kunnuwansa
colts,shugabanci
counselors,mashawarta
refresh,wartsake
subtle,wayo
male,bana
crumbs,karnuka
woman,mace
ai,ai
judgment,shari
wiles,ruɗe
contrary,adawa
exact,masa
thorns,ƙayayyuwa
dappled,ɗigo
pilate,bilatus
entices,ruɗe
further,kaɗan
wrathful,zafin
eglaim,eglayim
abarim,abarim
zipporah,ziffora
pressed,matse
rams,raguna
bearer,shayarwa
gathered,taru
ahithophel,ahitofel
translated,gama
bathe,wanka
lebaoth,lebayot
concluding,cewa
assurance,tabbacin
cubs,kwiyakwiyanta
concerning,game
allows,y
tidal,amrafel
sabeans,sabenawa
newness,sabuwar
lightnings,ƙararraki
inappropriately,mutum
roar,ruri
maaziah,aziya
faint,suma
bright,tabo
desiring,festus
bows,bakkunansu
rough,sumul
rigging,jirgin
jokshan,yokshan
fly,firiya
hen,ayya
interest,rance
wither,bushe
dreamer,mafarki
tin,kuza
oiled,ƙosai
rebekah,rebeka
adriel,adriyel
ethiopians,kushawa
beginning,farkon
bites,maciji
pipes,zinariya
idle,ragwaye
harpists,kiɗin
dedicates,kimanta
names,sunayen
continuing,cin
threshold,madogarar
pastures,kiwo
taste,ɗanɗana
sanctify,tsarkake
upright,gaskiya
prepares,hadayun
goat,bunsuru
mephaath,mefa
chased,fatattake
farthest,kurminsa
hearth,murhun
involved,tare
your,naka
fasten,umarci
reprove,kwaɓe
argob,argob
govern,farin
cares,shaƙe
perez,ferez
grape,ɓarayi
pearls,lu
repeats,maimaita
fearfulness,razana
dissolve,cikin
gentile,da
reaped,girbe
fortresses,kagarai
loathe,ƙyamar
generation,tsara
fish,kifin
instructs,koya
behalf,madadin
cluster,nonon
jeuel,yehiyel
shobai,shobai
boards,katakan
daughter,yar
gibeon,gibeyon
detestable,ƙazantattun
stripped,tuttuɓe
jehoiada,yehohiyada
diligent,tuƙuru
wizard,ko
partial,malam
guide,jagora
spirits,ruhohi
destroyed,hallaka
forgotten,manta
permission,hannu
piety,ko
hoof,kofato
purposed,nufa
main,babban
emerald,turkuwoyis
at,a
steward,riƙon
platters,kwanonin
ghost,fatalwa
mail,sulke
jetur,nafish
beriah,beriya
pruning,sunsu
herodias,hiridiyas
beeroth,beyerot
imitate,koyi
wounded,rauni
apart,keɓe
stray,kauce
battlements,hasumiyoyi
persian,dariyus
delayed,daɗe
shaphat,shafat
hezron,hezron
exalt,ɗaukaka
dew,raɓa
close,dangi
oppressing,danniya
slumber,gyangyaɗi
arches,shirayinta
magic,iko
wafer,ƙosai
hated,ƙi
almighty,maɗaukaki
hangings,labulen
sexually,fasikanci
add,kunamai
spiritual,ruhaniya
carnally,kwana
threw,jefar
leaping,tsalle
possesses,kowane
faints,suma
grasshopper,ɗango
lap,zuba
transgressors,lissafta
fifties,iyawa
captivated,ɗauke
border,iyakar
benjamites,gibeya
sunrise,fitowar
flowers,furanni
shrinks,in
birthright,matsayina
speaker,suna
capital,dajiya
dealing,don
evident,fili
weaknesses,ƙarfina
riders,mahayansu
pelet,felet
pins,turakun
clusters,nonna
rescue,kuɓutar
exult,gonaki
salem,salem
nisan,nisan
adulterer,yi
tabeel,tabeyel
forgave,yafe
fears,tsoron
drinker,yawan
pileser,tiglat
ashamed,kunyar
restrained,zurfafa
men,mutane
philistine,bafilistin
mustered,sittin
odors,girmama
troubler,ila
interpretation,mafarkin
breakers,ne
doors,ƙofofin
shobal,shobal
so,haka
jeroham,yeroham
shimeah,yonadab
baalah,ala
reed,karan
treasure,dukiya
ekron,ekron
door,ƙofar
pleasing,gamshe
pigeons,tattabarai
doubting,tare
lifts,mabukata
beryl,tofaz
picks,ammonawa
steeds,dawakai
moabitess,rut
rule,mulki
agag,agag
battering,dundurusai
feathers,gaggafar
stumbles,tuntuɓe
prophet,annabi
step,haka
branches,rassa
saw,ga
ard,ard
spat,miyau
impurity,adarta
livestock,dabbobi
blasted,sirara
jehoiarib,yehoyarib
came,zo
girl,yarinya
terrify,tsorata
get,tashi
bodily,jiki
network,rumman
betrayed,bashe
mill,niƙa
stillborn,aka
chests,ƙirjinsu
net,kamun
dispersed,warwatse
prince,shugaban
he,shi
pertain,mu
unjustly,adalci
sister,yar
abednego,shadrak
antioch,antiyok
endless,marar
table,tebur
beggar,bara
controversy,alƙalai
nun,nun
abolished,ƙarshen
accounting,bukaci
magicians,bokaye
apollos,afollos
whatever,roƙa
owner,aron
purple,shunayya
mulberry,balsam
peter,bitrus
evils,masifu
towel,tawul
foreknew,allah
succoth,sukkot
hearers,yin
rezin,rezin
plows,noma
hoping,zuciya
stands,alkukan
divorce,takardar
why,don me
meholah,mehola
bered,bered
reveling,kunya
blown,ƙaho
climb,hau
ministering,saƙaƙƙun
jeopardy,dawuda
gob,gob
tread,tattake
tasted,ɗanɗana
charge,zargi
moan,kuka
ships,jiragen
iniquities,zunubanmu
myself,kaina
visiting,iyaye
idolaters,fasikanci
og,og
therefore,saboda
abhor,ƙyamar
armed,makamai
idol,gunki
birth,naƙuda
course,jeri
robbed,fashi
tables,tebur
thanks,godiya
fewer,rabo
shemer,shemer
anaiah,anahiya
refrain,fiye
garland,inganta
happy,fadawanka
cakes,ƙosai
deserts,bishe
air,sararin
amasa,amasa
nepheg,nefeg
shone,ƙyalli
engravings,hatimi
forgot,manta
diamond,dutse
baptizes,baftisma
plate,allo
accomplish,aukar
plumb,igiyar
tanner,fatu
nicolaitans,nikolaitawa
drown,su
jahzah,yahza
hire,babare
the,wannan
burdened,nawaita
steadfast,tsayayyiya
laughter,dariya
slow,jinkirin
lion,zaki
gedor,gedor
barren,bakararriya
waste,kufai
certain,waɗansu
cistern,ɓaurensa
incorruptibility,wurin
highly,ɗaukaka
baals,ashtarot
tirzah,tirza
bore,haifa
palace,fadar
sighed,numfashi
promote,lada
hypocrisy,munafunci
decree,umarni
nadab,nadab
strengthen,ƙarfafa
mushi,mushi
cows,maruƙansu
micaiah,mikahiya
jewish,majami
preaches,azin
satisfies,ƙosar
heifer,karsana
awoke,munana
rouse,zakanya
sacrificed,masujadan
grind,niƙa
heads,kawunan
hagar,hagar
yah,yabi
troughs,kwamame
carrying,tulun
judging,kuturta
loaves,burodi
ziphites,zifawa
completely,sarai
ceased,iskar
yields,aikin
pretend,ahiya
beard,gemu
abi,abi
donkey,jaki
heel,ɗiɗɗigensa
painful,zafi
violent,rikici
ourselves,kanmu
streams,rafuffuka
majestic,shugabanmu
answer,amsa
important,nuna
retribution,teburin
uzzielites,su
prize,yakan
clearly,munafuki
solace,da
bronze,tagulla
greatest,babba
slopes,fisga
gleanings,kalar
author,cikakke
arose,tashi
overwhelm,ni
habakkuk,habakkuk
afterwards,baya
desert,hamada
besor,besor
credit,ribar
easily,saurin
jewess,mutuniyar
yahweh,ubangiji
tool,guduma
nearer,fiye
hoglah,hogla
hem,rumman
balance,magwaji
noble,kirki
nobleman,aikacin
patriarch,kakanmu
esau,isuwa
galeed,galeyed
ziza,ziza
miserable,tausayi
changes,kacicin
silk,tsada
soaked,gari
perfection,cikakke
dashes,mai
apharsachites,bozenai
spark,kashe
jeshurun,yeshurun
estimation,kimanta
emission,maniyyi
gamul,gamul
unknown,san
jawbone,muƙamuƙin
deposit,ajiya
futile,banza
confirmed,ida
nursed,shayar
offspring,zuriyarka
ordered,daidaita
pull,dasa
corrects,gyara
sweetness,yana
pleasantness,daɗi
sober,kamunkai
has,da
media,mediya
remedy,makawa
joiarib,yohiyarib
draw,z
angered,fushi
gave,ba
letters,wasiƙu
amazement,mamaki
rampart,katangar
invites,cin
during,yisti
subdued,mulkinsu
consecrate,keɓe
burn,ƙone
places,masujadan
trumpeters,busan
flatters,mazinaciya
abdon,abdon
leopard,damisa
siege,ƙawanyarka
arabah,araba
subsided,ya
hanging,lilo
wearied,gajiyar
utters,ƙarairayi
healing,warkarwa
ages,zamanai
giving,gode
asking,tambayoyi
eighty,tamanin
foreheads,goshinsu
halfway,sa
protest,abin
gamaliel,gamaliyel
perversion,abin
oath,rantsuwar
expensive,lu
dragged,ja
inscription,hoton
breastplates,dawakai
hinnom,hinnom
ship,jirgi
reputed,waɗanda
cloths,ƙyallayen
destitute,raba
proud,girman
pants,wuta
demand,kowane
pitcher,tulunki
torches,acibalbal
loathsome,ƙi
zobah,zoba
pretense,dogayen
heavily,dukanku
alexandria,jirgin
eldaah,abida
ammon,ammonawa
withholds,hana
centurions,ƙungiyar
snared,tarko
latrine,y
shobach,shobak
mahath,mahat
delivered,cece
ephron,efron
solid,kauri
longed,ganinku
plain,lot
those,waɗancan
ahio,ahiyo
contribution,gudummawa
abominations,banƙyama
watchman,tsaro
earthquake,girgizar
oversee,shida
newly,tare
custody,hegai
sanballat,sanballat
arpachshad,arfakshad
toi,towu
justice,adalci
lays,alfarma
purification,tsabtaccewarta
poorest,talauci
winnowing,matankaɗinsa
perish,hallaka
marvelous,ujizai
proverbs,karin
ziklag,ziklag
rod,sandan
reward,lada
thing,abu
grizzled,bunsuran
horsemen,mahayan
lose,ladarsa
booty,kwashi
portions,nehemiya
voyage,tafiyarmu
distant,nisa
snorting,jin
vessel,tukunyar
crow,sanina
examples,a
resident,talauta
intently,kusa
departed,rabu
breathe,numfasa
jobab,yobab
memory,tunawa
readiness,niyyar
lowliness,jimrewa
report,rahoto
arbathite,arba
increasing,girma
sides,ɗaukarsa
huldah,hulda
highways,matafiye
fruits,nunan
twigs,karya
colt,aholaki
female,namiji
uzza,uzza
sword,takobi
reproach,dariya
refreshing,wartsakewa
captive,zaman
liver,hanta
shedeur,shedeyur
zion,sihiyona
edrei,edireyi
talents,talenti
lots,ƙuri
jehohanan,yehohanan
dainty,gulma
thank,gode
persuasive,kalmomin
uses,amfani
necked,taurinkai
without,ba tare da
bitten,doguwar
mered,mered
gahar,gahar
simeonites,simeyon
costs,t
cravings,yana
perfumers,turare
forbidden,hana
nebuzaradan,nebuzaradan
vault,sammai
hethlon,hetlon
endured,jure
nahash,nahash
baldness,sanƙo
reconciling,sulhu
commending,maimakon
deeper,tabon
writer,ƙunshe
mordecai,mordekai
telem,telem
eshtemoa,eshtemowa
stirred,zuga
grievously,azaba
furtherance,bishara
jephthah,yefta
quarreled,gwada
sprinkling,yayyafa
zimran,zimran
gileadite,barzillai
lightly,kuma
foolishly,wauta
marvel,mamakin
tablets,alluna
beauty,kyansa
sinai,sinai
enters,katangar
shoulders,kafaɗunsu
captain,shugaban
grinding,cizon
raamah,sabteka
vapor,tururi
savior,cetonmu
ashbel,ashbel
infected,kaɗaice
dogs,karnuka
another,juna
accordance,bisa
baptized,baftisma
zither,algaita
marcaboth,markabot
younger,ƙaramar
surely,tabbatacce
unrighteousness,muguntarsu
bees,ƙudan
mourners,aziyya
scoffer,basira
sending,bayina
ascended,hayaƙin
foundations,tussan
brier,sarƙaƙƙiya
exacting,ani
fortieth,arba
repairers,jirginki
gazelles,bareyi
sincere,sahihiyar
crush,murƙushe
balances,auni
honeycomb,zaƙi
joyous,murna
hair,gashin
murdered,kashe
drachma,ɓata
medad,eldad
swarm,cika
disguise,ɓad
gates,ƙofofin
brass,anini
plus,shekel
nursing,jarirai
harvested,tattara
wrappings,a
error,kuskuren
tell,gaya
count,ƙirga
free,yantar
psalms,waƙoƙin
inherit,do
miletus,miletus
sharp,kaifi
ravished,fyaɗe
bloodshed,sata
cases,shari
nails,ƙusoshi
nourished,renon
protection,ku
fever,zazzaɓin
escaped,tsere
horeb,horeb
chatter,maganganun
congregation,jama
received,karɓi
wide,kamu
terrible,bantsoro
breaking,fiffito
redeeming,zarafi
blinds,makanta
sleeping,barci
far,nesa
stephanas,istifanas
raised,matattu
tied,ƙauyen
spectacle,abin
assyrian,assuriyawa
shomer,shomer
revelation,horarriya
joab,yowab
waited,jira
shepham,shefam
interpretations,fassara
fracture,ma
heeds,horo
full,cike
encouragement,ƙarfafawa
heron,jinjimi
drained,tsiyaye
uncovered,tsirara
rescued,ƙwato
afar,nesa
ruthlessly,masarawa
waved,ƙirjin
generosity,bayarwa
streets,tituna
hadn,sun
staggering,tangaɗi
roaring,rurin
duties,aikinsu
unlearned,shigo
doves,tattabaru
elisha,elisha
yielded,riɓi
health,warkarwa
stretch,hannuna
jokneam,yokneyam
forward,sansanin
behave,kamata
chelub,kelub
cedar,ul
shihor,shihor
workmen,kuɗin
clubs,jagoran
vessels,kayayyakin
repairs,gyaren
cleanses,kuma
saint,da
reputation,kai
boy,yaron
later,kusan
dismissed,bayan
hail,ƙanƙara
citizenship,mai
ithrite,itra
powder,niƙa
raven,hankaka
conspiracy,maƙarƙashiya
remind,tuna
entrust,danƙa
acacia,ƙirya
gezer,gezer
playing,bugan
container,salkar
nile,nilu
mishal,mishal
weave,saƙa
wrapped,nannaɗe
thief,ɓarawo
omega,alfa
worships,rusuna
harden,taurare
jahath,yahat
chastise,kunamai
listening,sauraronsu
honor,girmama
sun,rana
preparations,a
whisper,iya
within,cikina
israelites,ilawan
ice,ƙanƙara
sworn,rantse
sennacherib,sennakerib
compassion,tausayin
struck,karkashe
eldad,eldad
famous,sanannu
straps,kafaɗa
occasion,tuntuɓe
accompany,waɗanda
vows,alkawurana
gardens,lambuna
fathered,da
modesty,kansu
haggidgad,haggidgad
habitations,yisti
collectors,karɓar
bereave,rasa
gera,gera
custom,ada
grapes,ɓaure
idolater,fasikanci
emperor,ɗaukaka
alabaster,alabasta
eloquent,mai
feeding,kwami
peaceful,salama
gentleness,garkuwar
snares,tarkuna
phrygia,firjiya
pursuers,fafarar
hunt,farauto
appoints,zo
enslaved,haka
alive,rai
paltiel,faltiyel
supplied,biya
prophesy,annabci
big,yatsar
shalal,hash
fortress,kagarata
lusts,awace
egypt,masar
numerous,do
kill,kashe
unoccupied,a
abinadab,abinadab
stench,warin
nimrah,nimra
senir,senir
river,kogin
languishes,yanƙwane
punishments,hukunci
breasts,nonanki
torn,yage
neither,ko
dwells,zaune
edom,edom
weren,tsabtacce
cush,kush
amraphel,amrafel
ebedmelech,melek
solomon,solomon
moisture,da
ashdod,ashdod
mire,laka
flog,bulale
posterity,zuriyarsa
er,er
per,hadayun
owns,ita
exile,yekoniya
guiltiness,zubar
beer,beyer
baggage,kayanka
proving,wurin
sighing,nishen
pardoned,gafarta
marah,mara
enrolled,dukan
swept,share
log,moɗa
wickedness,mugunta
which,wanda
herodians,hiridus
malcam,molek
preparation,shirye
pluck,tumɓuke
remembers,tuna
pethahiah,fetahahiya
john,yohanna
governors,gwamnoni
sheshai,sheshai
confident,tsoro
enrich,azurta
noonday,tsakar
becomes,farkonsa
trodden,tattake
bakbukiah,bakbukiya
tempt,gwada
casting,masunta
footstool,matashin
bethlehem,betlehem
hezir,hezir
blasphemers,su
fourth,huɗu
sounds,ƙararraki
noah,nuhu
millo,millo
tossed,mulkokin
intact,amma
pin,kafe
unwashed,hannuwa
sacrifice,hadaya
complete,ƙarasa
surround,kewaye
legs,ƙafafun
troops,sansani
rejoices,ango
flowed,ruwa
obvious,fili
felix,felis
anywhere,kuskura
chenaanah,kena
foams,kumfa
foundation,tushen
hattil,fokeret
abihail,abihayil
spelt,gero
hezronites,hezronawa
raped,su
discernment,azanci
prophecy,annabcin
jeriah,yekameyam
storage,dawakansa
receiving,sakamako
schemes,makircin
swallowed,haɗiye
least,ƙanƙanta
can,iya
stairs,matakalan
moves,rarrafe
lengthen,tsawon
couple,maɗauri
jupiter,zeyus
attain,lafiyarsa
azaziah,azaziya
how,yaya
cyrus,sairus
teach,koya
ashes,toka
hid,ɓuya
shimri,shimri
thresh,sussuka
outward,waje
prominent,yahudawa
reasoning,tunaninsu
overflows,urdun
barefoot,takalma
abominable,matsayinta
creeps,rarrafe
eater,abinci
scoff,dariya
thundered,tsawa
swifter,gaggafa
barley,ir
don,kada
beating,ƙirjinsu
saddle,jakina
girgashites,girgashiyawa
gittite,ittai
sheshan,sheshan
required,bukace
ramoth,ramot
ashtaroth,ashtarot
zelophehad,zelofehad
commends,amma
missed,dawuda
cords,igiyoyin
lions,zakoki
hothir,hotir
thicket,kurmi
guiltless,alhakin
eyes,idanunsa
ponder,abin
dedicated,keɓe
despite,ba
notable,bunsurun
consult,ɓad
dismay,warkarwa
acted,aminci
deuel,deyuwel
powers,ikoki
frozen,zama
salt,gishiri
ever,abadin
in,cikin
togarmah,togarma
commended,yaba
fins,ƙege
smoke,hayaƙi
kneaded,fulawa
diminish,bukace
lioness,zakanya
cypress,saifires
determined,shawara
confirmation,tabbatar
exercises,adalci
praetorium,kamfanin
pilgrims,bare
following,bin
feared,tsoron
miriam,miriyam
lamb,rago
males,shugaba
mina,minarka
grant,bukatata
preached,azin
christs,firfito
kindly,yehohiyacin
hold,riƙe
inquires,ya
wrath,fushin
snake,maciji
covert,inuwar
hay,ciyawa
jerusalem,urushalima
joram,yoram
answered,amsa
lady,yarinyar
derbe,derbe
gerahs,gera
her,nata
disobedient,iyayensu
move,obed
uprooted,tumɓuke
this,wannan
ishmaiah,ishmahiya
servant,bawanka
form,siffa
philistia,filistiya
enchantments,bokayen
sweet,ƙanshi
eliahba,albo
talmon,talmon
uncovers,y
youngest,autan
weeping,cizon
witnesses,shaidu
feel,taɓa
final,haka
birds,tsuntsayen
king,sarki
supreme,kake
gain,riba
dim,dushe
moon,taurari
encamps,su
plead,marayu
effective,amfani
aha,yauwa
citizen,ni
release,sakar
kisses,sumbace
enaim,enayim
swore,rantse
dressed,sanye
contract,yarjejjeniya
mist,daga
army,mayaƙa
quietness,natsuwa
marketplace,kasuwa
pleiades,mafarauci
magistrates,alƙalan
decrees,dokokin
zorathites,zoratiyawa
chrysolite,beril
overwhelming,zai
almodad,shelef
force,yaji
arrows,kibiyoyi
cosmetics,musamman
prosperous,nasara
cries,kukan
private,daga
order,melkizedek
skies,gizagizai
rogel,rogel
heritage,dona
going,fitilan
kore,matsaran
carmel,karmel
wanted,tsawatata
loads,nauyi
awl,basilla
evildoing,mugunta
of,na
consider,dubi
perfect,cikakke
covering,fatun
sole,tafin
rush,ruri
faultless,laifi
rivers,koguna
zepho,zefo
purifying,talatin
fought,yaƙi
harm,cuce
zabbai,daga
jezer,yezer
vial,kwalabar
rinsed,lakar
mammon,iyayengiji
creeping,rarrafe
taberah,tabera
goodness,alherinka
skull,ƙoƙon
supplies,abincin
azariah,azariya
appearing,bayyanuwar
threaten,barazana
press,matsin
bold,gabagadi
mockers,awacensu
proven,mai
sprinkle,yayyafa
self,kamunkai
lifting,hannuwansu
adaiah,adahiya
skirts,fatarinku
prisca,firiskila
romans,romawa
talmai,talmai
contrite,tuba
slayer,mafaka
pilots,jirginki
urijah,uriya
we,mun
mahanaim,mahanayim
proclaim,shelar
descend,gangarawa
stall,maruƙa
destructive,tariyar
cubits,kamu
cleansed,tsabtacce
enon,zuwa
bile,sun
pomp,kabari
integrity,mutunci
worthy,cancanci
deemed,sunayensu
equipment,kayan
t,ba
opens,mahaifa
poles,ginshiƙan
spreads,walƙiyarsa
upper,ɗakin
insulting,masu
attai,attai
speck,tsinken
nathanael,natanayel
cross,gicciyen
earnest,musamman
scorched,tsiren
hariph,harif
remaining,sarkinta
exhorted,bi
phrase,abin
dropped,daga
mightier,takalmansa
deformity,naƙasa
amittai,amittai
jacob,yaƙub
tartan,assuriya
wanton,ciki
treacherously,amanar
seventeenth,bakwai
allowed,izini
sihon,sihon
chance,tsautsayi
sosthenes,sostenes
unworthy,cancanta
taller,fi
ezra,ezra
japheth,yafet
machpelah,makfela
ravages,suna
rewards,taɓa
jechoniah,yekoniya
only,kawai
nazirite,banazaren
favoritism,sonkai
stick,sanda
tower,hasumiyar
greetings,gaisuwa
mene,mene
harmless,marasa
flesh,jiki
gadi,menahem
sad,ɓaci
create,halicci
bethsphage,betfaji
brotherhood,uwantakar
scent,kamar
below,ƙarƙashin
talent,talenti
utensils,da
perceiving,tunanin
relied,dogara
convict,hukunta
immoral,fasikanci
bartholomew,bartolomeyu
lodges,ɗinta
battles,yaƙe
leather,zumar
salome,salome
alongside,10
hoshea,hosheya
building,ginin
nineteen,tara
rely,tsarkin
heals,warkar
light,haske
altars,bagadai
dull,kunnuwansu
maon,mawon
hardened,taurare
righteousness,adalci
disciplines,sani
recompense,sakamakonsa
hole,facin
shoot,harbi
hissing,reni
rejoiced,ataliya
chews,rababben
depraved,duk
rages,kan
gray,furfura
onward,sulɓin
journey,tafiyar
jogbehah,yogbeha
ability,fara
patience,haƙuri
heres,heres
ordinances,ƙa
dishon,dishon
adrammelech,adrammelek
may,don
mirth,amarya
venomous,macizai
grafted,sassare
leaned,jingina
described,na
transgression,zama
beach,gaci
comes,zo
vomit,amai
marriages,auratayya
doorpost,sa
belonged,gibbeton
treated,zage
crowned,rawanin
beast,dabbar
salecah,saleka
thighs,fuskarsa
hit,buge
joanna,yowanna
cornelius,korneliyus
exchanged,musayarta
evildoers,ayyukanku
nor,ko
hanged,rataye
meshach,shadrak
prostitution,karuwancinki
laughed,saratu
pronounce,tsarkakakke
why,me ya sa
included,ukun
threatening,sama
keys,mabuɗan
saves,ceton
ahlai,alai
stumbled,masussukar
harness,dawakai
sights,abubuwan
head,kansa
defilement,waɗannan
denarii,albashin
delay,jinkiri
sheds,yin
abigail,abigiyel
disguises,ɓoye
tambourines,ganguna
mariners,matuƙan
anamim,anamawa
unfaithfulness,zina
slanderers,gulma
disperse,warwatsa
eternal,madawwami
grating,raga
faded,yaɗu
crushed,ɓarzajjen
respond,amsa
sank,nutse
returns,shirye
languages,harsuna
asked,tambaye
pahathmoab,fahat
execute,zartar
asleep,barci
timnathserah,timnat
upon,bisa
paralytic,shanyayyen
strove,ilawa
skillfully,ɗamarar
change,canja
stumble,tuntuɓe
blow,busa
greets,gaishe
bethsaida,betsaida
parting,yesu
locust,ɗango
tune,miktam
sells,talauta
minded,kamunkai
chenaniah,kenaniya
rain,ruwan
swing,y
helpless,kwanto
healed,warkar
uriel,uriyel
sabachthani,sabaktani
indignant,goman
puah,fuwa
manahath,manahat
uprightness,mutunci
regiment,roma
chislev,kisleb
throat,maƙogwaronsu
discharge,ɗiga
endor,dor
invaded,hari
exhausted,kuwa
pisidia,fisidiya
thistle,ƙayar
dance,rawa
presumptuous,tawaye
compel,tilasta
withdraw,yebus
splendor,darajarsa
cot,gaban
bear,beyar
backsliding,amincin
overshadow,haka
welcomed,marabce
hammers,guduma
kingdom,mulkin
simplicity,cikin
deserted,ƙauyuka
zechariah,zakariya
shecaniah,shekaniya
hur,hur
dove,kurciya
crucify,gicciye
hazzebaim,fokeret
eliakim,eliyakim
midian,midiyawa
dispossessed,kori
letter,wasiƙar
dread,tsoronku
caleb,kaleb
what,me
galilean,galili
merib,merib
weep,makoki
yourselves,kanku
branch,reshen
barn,rumbu
bakbuk,harhur
pathrusim,kasluhiyawa
wheels,irorin
leap,tsalle
busy,yayinda
question,tambaya
coupled,labule
minister,hidima
hosanna,hosanna
hammer,guduma
tree,itacen
disgrace,kunya
temanites,temaniyawa
thirsts,ƙishinka
didn,bai
groan,nishi
dreadful,yi
helmet,hular
strips,kwance
fearful,matuƙar
specify,nuna
folds,birane
hanani,hanani
daberath,daberat
jezaniah,yezaniya
zeruiah,zeruhiya
darkon,darkon
ashnah,ashna
luhith,luhit
sisters,uwanki
verified,maganarka
chattering,surutun
defied,kurminsa
adar,adar
driven,kore
frontlets,goshinku
confesses,yarda
passion,awa
itch,ƙaiƙayin
sackcloth,tsummoki
sustain,riƙe
discord,zaune
raw,ɗanye
compelled,sairin
advised,shawara
facing,uwarta
refined,tace
parents,iyayen
streaked,dabbare
believing,gaskata
smoothly,inabi
herb,ganyaye
physicians,likitoci
horned,mujiya
athens,atens
marched,zaga
lye,sabulu
saws,zarto
recognize,gane
skipped,tsalle
associate,haɗa
perfumer,shafewa
deceitfulness,shaƙe
quarter,hulda
portion,rabo
exits,gabansu
selling,sayar
partakers,tarayya
enjoys,amma
roars,dawakansu
decorated,ado
soil,zurfi
fragrance,ƙanshinsu
send,aika
chedorlaomer,kedorlayomer
rome,roma
fountains,zurfafa
monthly,adarta
questions,tambayoyi
practice,sihiri
empty,wofi
fifth,biyar
devouring,cinyewa
assos,assos
farmer,manomi
judgments,hukunce
illegitimate,shegu
ruhamah,ruhama
horn,ƙahon
abdi,abdi
pledge,jingina
ashkelon,ashkelon
ridiculing,dariya
selves,kanku
avenging,zubar
greenish,cutar
jahaz,yahaz
sounding,molaye
islands,tsibirai
wounds,raunin
binea,bineya
considered,refahiyawa
slack,yakan
forty,arba
listened,saurari
wait,jira
bodies,gawawwaki
mounted,kerubobin
highway,wanki
eating,bukatarsa
inkhorn,ƙunshe
sharing,yin
covetousness,kwaɗayi
predestined,ƙaddara
compels,wani
began,fara
throwing,masu
spain,sifen
moses,musa
driving,ummai
harsha,harsha
sheepfolds,don
spear,m
residue,ƙafafunta
archite,arkitawa
troubled,damu
sift,tankaɗe
chaldees,ur
plotted,maƙarƙashiya
lud,lud
delaiah,delahiya
retained,sauran
syrians,arameyawa
trail,a
hanun,hanun
jebus,yebus
pavilions,tentunansu
raises,rusunar
suffers,wahala
beneath,ƙarƙashi
examine,bincike
tabor,tabor
mountains,duwatsu
ruth,rut
juniper,tsintsiya
patch,facin
requires,sarki
heavier,nauyi
differing,magwajin
ophir,ofir
crowed,cara
roared,ruri
riot,biki
whirlwind,guguwa
stuff,sata
valor,jarumawa
provision,tanade
hunted,da
straw,tattaka
waiting,jiransa
friend,aboki
arad,arad
withstand,tsayayya
guest,almajiraina
note,haɗa
walls,katangarki
canaanite,hiwiyawa
dear,bisharar
bramble,ƙaya
medes,medes
pearl,guda
region,argob
dodai,mutumin
obadiah,obadiya
princes,shugabannin
assigned,aiki
takes,auri
phoenicia,funisiya
paseah,faseya
opened,buɗe
hurls,wa
outermost,rammuka
touches,ƙazantu
revealed,bayyana
tired,sa
north,arewa
attained,same
disgraceful,kunya
oxen,shanu
pigeon,tattabara
zeboim,da
beautiful,kyakkyawa
enjoy,asabbatanta
chaff,yayin
midianites,midiyawa
naphtali,naftali
lies,ƙarairayi
cleansing,tsabtaccewarsa
pilneser,tiglat
joined,haɗa
crescents,raƙumansu
concern,ƙarfina
lack,rasa
sound,ƙaho
ways,hanyoyinsa
potiphera,fotifera
eagle,gaggafa
stagger,tangaɗi
transgressed,laifofin
marrying,ta
contain,saman
husbands,mazansu
interpreter,fassara
prove,ƙarar
producing,amfani
sinew,da
sallu,sallu
bigvai,bigwai
reuel,reyuwel
famines,girgizar
rudder,tura
jachin,yakin
eliam,eliyam
tob,tob
principles,idodin
brothers,yan
subject,gandu
stew,faten
golden,zinariya
space,rata
lurk,kansu
oppressor,azzalumi
place,wuri
aven,awen
sounded,ƙahonsa
mandrakes,ɗanki
sheshach,sheshak
slaves,bayi
hosah,hosa
quick,saurin
descended,sauka
sinful,mutuntaka
conduit,wanki
sea,teku
dedan,dedan
comforts,azantar
frustrates,masu
wage,bishewa
wolf,kyarkeci
proper,daidai
hoped,bege
supports,riƙewa
rabbi,rabbi
lo,lo
much,balle
reuben,ruben
causes,jahannama
finds,maƙiyinsa
named,haifi
korahites,korayawa
devout,ibada
legion,tuli
cuttings,aske
groaning,nishina
lurking,a
walk,tafiya
own,koma
sheariah,sheyariya
excuse,hujja
redemption,fansar
acts,tarihin
poor,matalauta
commentary,rubuce
boasts,fariya
scab,ɓamɓaroki
naboth,nabot
glorifying,yabon
fourteen,bijimai
powerfully,a
teacher,malam
preserve,tsare
spun,fasaha
imagine,abu
ahiman,ahiman
uzziah,uzziya
shapes,kamannin
beerothite,beyerot
wounding,lamiri
replenished,teku
songs,waƙoƙi
embroidered,ado
forget,manta
contemplative,maskil
condemning,hukunta
headed,furfura
samaritans,samariyawa
top,ƙwanƙolin
plastered,farar
shephatiah,shefatiya
letting,bar
sixty,sittin
reader,karatu
carpenters,kafintoci
invoke,waɗansu
certainty,cewa
departing,take
saul,shawulu
authorities,biyayya
reigns,matsar
destroyer,hallakarwa
goddess,alliyar
profaned,asabbataina
gaius,gayus
titus,titus
contained,an
way,hanyar
steals,ɓarawo
hurts,ƙin
entire,dukan
carried,kwashe
quench,fitilar
black,dabbare
marry,aure
effect,alkawarin
possess,mallaki
better,gara
intercession,madadinmu
reached,sibma
bless,albarkace
select,zaɓi
fellows,abokanka
disturbed,cetona
marvelously,manyan
leaped,jaririn
stayed,dakata
yearns,ko
fertile,yanƙwanewa
spit,tofa
is,ce
eased,ba
kedemoth,kedemot
enchanters,dabo
perplexity,cikin
declare,furta
tiras,tiras
meanwhile,almajiransa
cellars,lura
arnon,arnon
enoch,enok
flower,fure
causeway,tsaro
afraid,tsoro
punishment,zunubai
dawning,safe
chooses,zaɓa
hopes,bege
separated,ware
asia,asiya
inhabited,mazauna
meeting,tentin
please,roƙonka
orphans,marayu
dregs,inabin
front,nausa
finding,umarnin
ancestors,su
provoked,tsokane
portrayed,z
casluhim,kasluhiyawa
than,fiye da
contentious,fitina
meddle,ɗuwarka
aphek,afek
success,dokokin
overthrew,tutture
kedar,kedar
broke,kakkarya
look,dubi
hating,ma
sufficiency,yana
wail,kururuwa
take,ɗauki
childbearing,haihuwa
produced,toho
eltolad,eltolad
served,bauta
sapphire,saffaya
charmers,zama
again,kuma
intentions,mai
inhabitant,mazauna
commits,zina
pelican,mujiyar
wisely,bawa
tests,danƙa
rebellious,tawaye
lands,kiwonsu
severely,hore
restored,lafiyayye
replied,in
mightily,razanar
seasons,lokuta
belteshazzar,belteshazar
lick,lashe
strengthened,ƙarfafa
besieging,ƙawanya
outwardly,waje
flint,wuƙaƙe
onesimus,onesimus
payment,bashin
comparison,fi
prevailed,kokawa
closes,tana
sets,barewa
reaches,amincinka
voice,murya
ophrah,ofra
performers,lura
forsaken,yashe
eighteen,18
request,esta
lighter,sassauta
beings,talikan
instructed,horar
commerce,kasuwancinka
aside,obed
forks,yatsu
separation,keɓewarsa
mezahab,matired
forcing,yi
had,da
reverent,girmamawa
jozabad,yozabad
heavens,sammai
good,kyau
mourning,makoki
pair,matalauta
nave,waje
defeat,ahitofel
roused,farka
serving,himma
elizabeth,elizabet
pharisee,bafarisiyen
theater,bulus
unwise,hikima
reubenites,ruben
moth,asu
seek,neman
curses,anoni
princesses,matan
censer,farantin
nimrod,nimrod
regeneration,mai
alarm,kakaki
hairs,furfura
grown,kauri
lean,jingina
filthiness,ƙazamin
sandal,takalminsa
belongs,tawa
meronothite,meronot
quarreling,faɗa
debt,yafe
mysia,misiya
various,iri
mahseiah,neriya
obligated,rantsuwar
serves,hidima
triumphed,doki
scarcely,y
foal,aholaki
apes,birai
doeg,doyeg
regions,yankunan
bar,karkiya
hena,hena
runs,hawaye
repents,tuba
permits,da
benjamin,benyamin
learning,koyo
exiles,rashin
enroll,rubuta
tumors,marurai
celebrate,shagali
ring,zoben
bowing,suka
creation,halitta
avenge,fansar
basket,kwandon
province,lardi
shepherds,makiyaya
shekels,shekel
phicol,fikol
lapped,tanɗi
are,ce
comfort,azantar
atonement,kafara
pavilion,rumfa
euphrates,yuferites
groans,y
thigh,cinyar
buz,buz
laban,laban
sunset,ɗuwar
proconsul,muƙaddas
lamp,fitila
jonadab,yehonadab
babel,ne
danced,hiridiyas
palaces,kagarun
masrekah,masreka
confused,ruɗe
hashabiah,hashabiya
twist,sun
libnah,libna
hears,gunaguninku
expect,tsammani
six,shida
speedily,gaggawa
banner,tuta
deeps,zurfafa
wonderful,mashawarci
ones,yara
healthy,likita
load,bari
town,birni
narrow,matsattsiyar
simon,siman
sick,ciwo
wronged,zalin
hearted,oholiyab
well,rijiyar
shepherd,makiyayi
listed,zuriya
paved,aka
touch,taɓa
shual,shuwal
pains,naƙuda
zerahites,zerawa
sling,majajjawa
stewards,riƙon
trousers,lilin
clothes,rigunansa
trumpets,ƙahoni
warning,kashedi
sustained,saboda
permit,in
valuation,kimanta
hannah,hannatu
teaching,koyarwa
mithkah,mitka
united,tare
rebuked,tsawata
dreaming,suna
bent,tanƙware
fifty,hamsin
zurishaddai,shelumiyel
cyprus,saifurus
parosh,farosh
plants,tsire
olives,zaitun
drew,ɗebo
ripped,juna
heal,warkar
adjure,ƙishimai
extortionists,ko
destroy,hallaka
making,ganewar
ordering,aikinsu
swallow,haɗiye
seer,annabawansa
travailing,naƙuda
turquoise,turkuwoyis
areli,areli
mushites,maliyawa
quake,jiki
haunt,kuma
kindle,cinna
virginity,budurcin
joha,yoha
japhia,yafiya
richly,yalwace
lawyers,masanan
agagite,hammedata
higher,ƙaruwa
ethiopia,kush
ashkenaz,ashkenaz
anah,zibeyon
except,dai
muzzle,takunkumi
giloh,gilo
courtyard,bitrus
dainties,abinci
hands,hannuwansu
skilled,sojojin
favor,tagomashi
rocks,tsagaggun
nettles,ciyayi
panels,dakalin
temporary,bukkoki
insults,ar
pomegranates,rumman
daybreak,kira
sees,ganin
glorying,taƙama
eglath,eglat
weigh,auni
tamar,tamar
established,kahu
obedience,biyayyarku
pick,yake
disciple,almajirin
thunders,tsawa
cub,zaki
remain,ragu
vindicate,laifi
madmannah,madmanna
jeshua,yeshuwa
sinners,karɓar
engraved,sassaƙa
spot,tabo
encamped,sansani
noise,surutun
felt,bincika
prevails,ta
ninth,tara
jehonadab,yehonadab
changed,canja
care,kula
wears,da
dearly,da
phinehas,finehas
kish,kish
woof,tariyar
displeasure,roƙo
bow,baka
inasmuch,aka
neariah,neyariya
forbidding,hana
reach,hannuwana
honey,zuma
burst,salkunan
mentioned,ambaci
coffin,akwatin
midwives,ungozomomin
appropriate,karnukansu
face,fuskarsa
libnites,libniyawa
crime,bulus
because,domin
earnestly,izinina
trumpet,ƙaho
tabbaoth,tabbawot
creator,mahaliccin
defiles,ƙazantar
nebo,nebo
horseman,ga
fierceness,fushinsa
bucklers,garkuwoyi
voices,tsawan
fault,laifin
locks,gashin
eye,ido
hear,ji
doctrine,sahihiyar
delight,daɗin
tappuah,taffuwa
controlled,kamunkai
hin,kwalaba
slain,kashe
excessively,mini
beware,yistin
repent,tuba
drowned,aladun
merari,merari
noisy,taro
overlaid,dalaye
talk,harshena
hairy,gashi
detest,ƙyamarsu
miscarry,ɓari
bears,ƙwaya
rope,igiya
venison,farauto
tail,wutsiya
prostitute,karuwa
hiss,tsaki
senaah,sena
attention,kasa
martha,marta
pile,zubar
enrollment,ƙidaya
nullify,a
endurance,daurewa
hassenuah,hassenuwa
people,mutane
explain,bayyana
desolation,kango
stored,ajiye
it,shi
spin,saƙa
gnash,haƙora
severity,allah
defected,wurin
fortify,ƙarfi
precept,kaɗan
asheroth,ashera
basemath,basemat
errs,gangan
lamentation,makoki
glass,gilashi
rear,biye
overseer,fotifar
seven,bakwai
mount,dutsen
miracle,malamai
fortunes,maido
insolent,rashin
fading,yanƙwanewa
sorceries,sihirinki
punishing,su
mercies,jinƙanka
abner,abner
binds,warkar
finger,yatsarsa
graciously,bashi
tame,iya
seraiah,serahiya
prosperity,wadata
brotherly,ƙaunaci
buckler,garkuwoyi
reproved,tsawata
deceit,ruɗu
really,maciji
looked,duba
favored,tagomashi
defender,k
spoken,faɗa
abda,abda
baladan,baladan
suffering,matsananciyar
teachers,malamai
prudent,akari
innermost,kurminsa
unit,labulen
counsels,taurare
reaping,ani
taking,titus
jaakan,bene
desperate,gama
smoking,hayaƙi
romamti,romamti
soundness,jikina
faithful,aminci
unsettled,tsayayyu
interpret,fassara
cultivate,nome
wineskins,salkuna
outlived,dattawan
tar,kwalta
diverse,jakarku
more,ƙari
embittered,sa
gloat,kaina
maacah,abel
times,sau
tribe,kabilar
valleys,kwaruruka
uzzah,uzza
questionings,banza
morning,safe
innards,hanta
drank,hakimansa
any,kowane
rooted,tumɓuke
strongest,waɗanda
suffer,wahaloli
slapped,shi
ankle,da
drove,kori
debar,debar
prisoner,nishen
seen,gani
reason,dalilin
flight,sanyi
song,waƙa
ascent,kunama
sharply,sosai
laws,farillai
allowance,kowace
degree,ne
requirements,umarnaina
bezalel,bezalel
tender,tausayinka
position,matsayinsa
anxiously,da
armor,makamansa
eleventh,zedekiya
unless,uwanku
uz,uz
zebul,zebul
gives,allahnku
rescues,kuɓutar
alienated,ƙyamarsu
slothfulness,mutum
among,cikinku
akrabbim,kunama
mar,gari
perpetuity,ɗinɗinɗin
sentence,hukuncin
atoned,da
tambourine,ganga
summer,rani
looking,nemanka
unpunished,hukunci
shearers,askin
wallowing,jininki
ornaments,mundaye
stubborn,taurinkai
timothy,timoti
personally,ashe
exhorting,ƙarfafa
cherished,kake
recounted,dukan
illuminated,haskaka
speechless,muryar
necks,wuyansu
esther,esta
famished,yunwa
kite,shirwa
aroma,ƙanshi
babylonians,babiloniyawa
cain,kayinu
lying,kwance
hebrews,ibraniyawa
zalmon,zalmon
gaze,dube
fabric,akwasha
divided,raba
commandments,umarnanka
darnel,ciyayin
haggith,haggit
descending,kusurwansa
shalishah,shalisha
tanhumeth,tanhumet
frankincense,mur
farming,noma
creep,rarrafe
rides,hawa
saddled,sirdi
causing,wuri
tarshish,tarshish
your,naki
wormwood,ɗaci
ceasing,fasawa
exposed,tone
avith,awit
race,shaida
salmon,salmon
thankfulness,godiya
mahli,mali
jericho,yeriko
counting,yawan
banners,kyakkyawa
shown,nuna
produces,taushi
metal,ƙarfe
approaches,kusaci
treasuries,baitulmali
goal,zuwa
shelomith,shelomit
italy,italiya
boys,ungozomomin
breathed,numfashinsa
boundaries,iyakokin
job,ayuba
suitable,amfani
rebellions,ka
shame,kunya
affection,sonka
devastated,ke
covers,kitsen
skillful,gwani
direct,bi
chancellor,shimshai
crete,kirit
outcry,kukan
although,baftismar
paran,faran
petitions,kukata
struggle,ku
ammonite,ammon
hospitable,karɓan
pits,ciyayi
ink,inki
goats,awaki
gilead,gileyad
attentive,kunnuwanka
copy,kofin
sores,gyambuna
zephon,hahirot
nakedness,jima
buyer,sayarwa
eleasah,eleyasa
evilmerodach,ewil
dress,zaɓi
judges,alƙalai
ziv,zif
past,wuce
ishmael,ishmayel
mijamin,miyamin
bountifully,a
lowland,negeb
when,yaushe
fruitful,riɓaɓɓanya
ziph,zif
swerve,ba
greet,gai
aloud,molaye
commanded,umarce
eshcol,eshkol
bela,bela
profanes,zama
maid,baiwa
conspire,maƙarƙashiya
pochereth,fokeret
bride,amarya
days,kwana
rebuild,biranen
kenath,kenat
bdellium,kuwa
destroying,hallakarwa
harvest,girbi
macedonia,makidoniya
executed,idodina
acquit,don
yeast,yistin
said,ce
israelite,mutuniyar
restrains,shi
gluttons,ne
ahiam,ahiyam
nations,ummai
ahi,ahi
chilion,kiliyon
community,zunubai
me,ni
dangerous,hatsari
world,duniya
committing,sata
attacked,feka
unique,take
jekameam,yekameyam
huge,yunana
sheet,kusurwansa
alas,kaito
abimael,abimayel
noon,tsakar
jabin,yabin
rebellion,tawayen
messengers,manzanni
regard,kula
artaxerxes,artazerzes
very,sosai
beginnings,wata
planting,shuka
hamutal,hamutal
peril,da
jairus,yayirus
regem,regem
clasps,maɗauri
righteous,adalci
untying,jakin
lips,leɓunan
levite,balawe
manassites,ruben
trespasses,zunubanmu
dispute,gardama
temanite,elifaz
shadrach,shadrak
forgiving,gafarta
repays,s
detachment,ƙungiyar
saving,cetona
knock,ƙwanƙwasawa
joking,wasa
ur,ur
leprous,kuturce
since,tun
think,tsammani
admonishing,gargaɗi
darius,dariyus
snuffed,fitilar
rests,wawaye
perjurers,shaidar
robber,jagoran
inheritance,do
stoops,da
pergamum,fergamum
distress,wahalarsu
distribute,balawe
vanities,malami
fortified,katanga
reaps,girbe
over,sama da
murmur,gunaguninku
rented,manoma
heaved,cinyar
hepher,hefer
yield,amfaninta
consented,yarda
caves,ramummuka
maacathite,tanhumet
makkedah,makkeda
deaf,kurma
disappointed,kunya
cymbals,molaye
persia,farisa
visits,ya
crossed,gennesaret
mend,kuma
sabbaths,asabbataina
swords,takuba
smooth,sulɓi
tikvah,tikba
cannot,tsaya
ham,ham
pit,rami
stadia,mil
limits,dai
deputies,marubutan
brightened,zuma
contemptible,reni
tola,tola
spirit,ruhu
zedekiah,zedekiya
perform,himmar
groanings,ba
assign,aiki
widows,gwauraye
bathsheba,batsheba
depart,rabu
haggi,shuni
zilpah,zilfa
entry,mashigin
kadmiel,kadmiyel
sodom,sodom
heed,yistin
ahab,ahab
birthday,haihuwar
arranged,da
renewed,sabunta
rings,zoban
gleaning,ɓarayi
flock,garke
wardrobe,hulda
ready,shirye
zerahiah,zerahiya
ordinance,adadin
godless,kuɓuta
dorcas,dokas
terrors,razanarka
purified,tsarkakewa
due,abincinsu
joiada,yohiyada
ambassador,jakada
vain,banza
hindrance,hana
her,ita
gets,fahimi
rashly,tunani
gush,yi
shaft,furanninsa
demetrius,demetiriyus
unwittingly,gangan
demonstration,nuna
perizzites,ferizziyawa
cleared,shi
warming,ɗumin
fantasies,gonarsa
countrymen,uwa
forbear,ramot
byways,hanyoyi
joyful,sowa
creditor,rance
conditions,sharuɗan
dedicate,keɓe
nets,kifinsu
debtors,bashi
segub,segub
trials,gwaje
hurry,gaggauta
azrikam,azrikam
sidonians,sidoniyawa
beatings,d
jehoshaphat,yehoshafat
weakness,sawa
minstrels,mawaƙa
chew,rababben
stronghold,kagarar
err,ɓad
syria,aram
nabal,nabal
sharpened,wasasshe
autumn,suke
irons,da
consumed,cinye
collection,yi
up,sai
foreknowledge,bisa
crispus,kirisbus
fouled,gurɓata
hivite,hiwiyawa
soft,sanye
perazim,ferazim
madman,mahaukaci
having,muna
debir,debir
forest,kurmi
sarai,saira
curtains,labulen
concubine,ƙwarƙwarar
fringe,rigarsa
amorites,amoriyawa
language,harshe
save,cece
worthless,banza
ladle,kwanon
they,su
increased,ƙaruwa
cenchreae,kenkireya
nebaioth,nebayiwot
purim,furim
unruly,masu
walking,takawa
tends,zai
harsh,da
kohath,kohat
abishur,abishur
fingers,yatsotsinka
virgins,budurwai
constellations,za
loose,gashin
eder,eder
kneading,kwaɓan
calves,maruƙa
strengthening,ƙarfafa
pedestal,sassan
liquid,mur
wanting,ya
creatures,halittu
magdiel,magdiyel
bray,kuka
finely,saƙaƙƙun
expectation,marmari
burial,makabarta
defy,kalubalanci
deceive,ruɗe
costly,tushen
appeared,bayyana
guests,adoniya
vultures,ungulai
valued,iya
samson,samson
getting,wurin
beth,bet
griddle,toya
bury,binne
him,shi
remember,tuna
seams,jirginki
surge,koguna
chariots,kekunan
once,tak
dimly,ba
jehoiachin,yehohiyacin
flying,firiya
hurtful,birni
where,ina
spare,tausayi
elishua,elishuwa
grope,lallube
accurately,hanyar
devises,ƙulla
shore,yammanci
trod,matse
hattush,hattush
enlarge,fadada
matter,batun
melchi,melki
support,taimako
waists,yi
sighs,dukan
poverty,talauci
manasseh,manasse
worshipers,yehu
throughout,tsararraki
blade,ma
profane,ƙazantar
frame,ɗaukarsa
cups,tuluna
horonaim,horonayim
sky,sararin
lead,bishe
habitation,mazauninsa
rob,fashi
pursuing,fafarar
circumstances,san
elimelech,elimelek
eshton,eshton
endowed,hikima
ruins,kufansa
athaliah,ataliya
refiner,tace
necoh,neko
enjoyment,daɗi
parcel,hamor
jattir,yattir
herod,hiridus
grabbed,rigar
hattaavah,hatta
dug,haƙa
womb,mahaifa
overturns,duwatsu
brink,nilu
covenanted,na
false,ƙarya
hachilah,hakila
tahpenes,tafenes
cutting,itace
ministers,hidima
denying,m
therein,cikinta
doer,kawai
everywhere,ina
prophesied,annabci
doctrines,abubuwan
ammi,ammi
mocking,malaman
perseverance,jimrewa
confirm,furim
enlightened,haske
bribe,hanci
achshaph,akshaf
disqualified,gwajin
refining,wuta
remainder,tsattsarkan
roasted,gasa
consent,sharaɗi
shave,aske
accounted,lissafta
foul,wari
proverb,karin
aram,faddan
our,namu
shouldn,ramuwa
abundant,jinkirin
crop,tsire
kneel,durƙusa
administration,ni
petition,roƙona
called,kira
sit,zauna
zebulun,zebulun
adnah,adna
push,kena
ahimaaz,ahimawaz
bilhan,bilhan
kind,irinsu
seem,kimham
enlarged,fadada
monument,tunawa
become,zama
loins,kwiɓi
channels,kwarin
exhortation,ƙarfafawa
plots,shirya
burdens,yatsa
news,bishara
goliath,goliyat
troop,taimakonka
pottery,kamar
dealers,cinikinki
sight,tagomashi
working,namu
lain,mijinki
meshezabel,meshezabel
goings,ta
astonished,mamakin
grows,tsiro
meditation,zuciyata
gladness,murna
jasper,yasfa
plenteous,shekaru
scarlet,shuɗi
few,kaɗan
baptism,baftismar
nethaniah,netaniya
wholly,girbinku
anakim,anakawa
harvester,hatsin
rumors,jita
plenty,yunwar
amariah,amariya
selected,zabdi
craving,hamada
anathothite,abiyezer
ah,kash
your,naku
searched,bincike
mizpah,mizfa
cities,garuruwan
lofty,samanki
declared,tuntuni
pale,fuska
pitch,kafa
death,mutuwa
merchants,kasuwa
receive,karɓi
arrive,iso
poured,zuba
shocks,hatsin
disease,cuta
halak,halak
blossom,fure
capitals,yanar
rephaim,refahiyawa
receives,karɓe
perishable,ruɓan
flattering,zaƙin
turtledove,tattabara
baptize,takalmansa
gathering,tulu
spewed,kwarara
wearing,sanye
incorruptible,koɗewa
clothed,saye
convenient,zarafi
wares,cinikinki
passover,ƙetarewa
prisoners,kurkukun
shrines,yake
hebronites,hebronawa
withstood,amma
sheaves,dammuna
zin,zin
devour,cinye
elder,dattijo
fail,kujerar
restraint,kasance
galal,galal
carving,duwatsu
dreaded,zafin
sidon,sidon
sirs,hasara
corrupt,lalacewa
atoning,zunubanmu
untied,kunce
overthrow,rusar
missing,tara
stretches,shimfiɗa
management,manajan
embroiderer,ɗinki
unclean,ƙazantu
applied,aniyata
massah,massa
fours,ƙwarin
helkath,helkat
eshtaol,eshtawol
reaper,girbi
barracks,barikin
recently,daga
meshech,meshek
along,gangaren
hung,garkuwoyinsu
imagination,mugu
carchemish,karkemish
fleshly,mutuntaka
nimrim,nimrim
jaasiel,asiyel
delicacies,samarin
crops,shekarun
overboard,fara
bruise,don
bondservants,bayi
experience,ni
stole,sace
regular,taro
war,yaƙi
resounded,suka
explained,bayani
reigned,kakanninsa
jehoahaz,yehoyahaz
encouraged,sila
trembled,makyarkyata
cost,ci
needed,bukata
achor,akor
pouring,zuba
easy,sauƙi
unrighteously,yi
trembles,girgiza
sins,zunuban
vanity,naushin
live,rayu
finest,ƙosar
mishma,mishma
simeon,simeyon
wrongdoing,laifi
smaller,duk
forehead,goshinsa
helek,helek
boldly,gabagadi
woe,kaiton
asshur,asshur
cainan,kainan
surpasses,wadda
frighten,tsuntsayen
blush,ɗaɗɗu
overshadowing,sai
vanish,hayaƙi
entering,jirgin
jeiel,yehiyel
melody,rerawa
doubtless,za
held,riƙe
learn,koyi
midwife,ibraniyawa
plague,cutar
hiddekel,tigris
slanderer,uwa
ending,nan
eliada,eliyada
expenses,asusun
banishment,ba
scraped,kankare
nail,tsayayyen
forests,kurmi
time,lokaci
garrison,sansanin
demons,aljanu
devoured,cinye
persecution,saiwa
fiery,tanderun
train,sa
daniel,daniyel
sashes,huluna
law,doka
foster,kuma
heresies,mai
rises,koguna
post,madogarar
citizens,ƙasar
white,fararen
reddish,goshinsa
disgraced,kunya
composition,irinsa
conscripted,solomon
clean,tsabta
melted,narke
tema,tema
bedan,bedan
kiss,sumba
toss,zan
warring,libna
coin,kobo
afflicted,wahala
heber,heber
elizur,shedeyur
wastes,kufai
faithfulness,amincinka
wipes,yadda
telassar,assar
extortionist,ku
hazor,hazor
hook,linzamina
chaldean,babiloniyawa
hollow,ƙashin
convulsing,ihu
silenced,da
sealed,hatimce
natives,tsibirin
hushathite,husha
rock,dutse
stump,kututturen
fleet,hiram
outside,waje
lowly,sauƙinkai
lawlessness,yin
beforehand,sanar
isshiah,isshiya
correction,gyara
epaphroditus,afaforiditus
medicines,magani
unquenchable,matankaɗinsa
jeroboam,yerobowam
dreamed,mafarki
almond,almon
boats,jiragen
amorite,yebusiyawa
if,idan
uphold,taimake
excused,yanzun
coals,garwashi
forefront,nisan
preach,azi
learned,koyi
low,ƙasƙantar
uncut,duwatsun
moabite,ammon
eber,eber
camels,raƙuma
robes,sarautarsu
traitors,amana
marching,zarar
stepped,jirgin
flaming,harshen
furnaces,yi
warn,kashedin
survey,ƙuri
though,ko
craftsmen,sana
lover,ka
hoofs,kofatan
rulers,shugabanni
mast,jirgin
balm,magani
entered,shiga
boastful,iyayensu
aloes,aloyes
that,wancan
approaching,kusa
rabshakeh,shebna
road,rigunarsu
gibeonite,gibeyon
persecute,tsananta
proclaimed,shelar
porcupine,mujiyar
besieged,ƙawanya
whenever,algaita
abiram,abiram
stewardship,amana
bred,ta
haddon,haddon
cane,hadayunku
convulsed,farfaɗiya
brides,surukanku
urgent,matsa
circumcise,kaciya
aran,aran
jabbok,yabbok
overcame,nasara
kissed,sumbace
rabmag,bafade
trench,wuriyar
perga,ferga
stocks,turu
wick,lagwani
matred,matired
callous,tauri
ax,gatari
board,fiƙe
stormy,hadari
upward,kabilarsu
wet,jiƙe
joshua,yoshuwa
ignorance,jahilcin
skillfulness,ya
acceptance,tabbatacciya
journeying,tashi
absent,tabbaci
workers,aikina
harbors,mai
foremost,kuma
hindquarters,tsakiya
laodicea,lawodiseya
softly,farin
tertullus,tertullus
fear,tsoron
havvoth,hawwot
families,iyalansu
rowed,jirgin
hillside,tudu
tops,ƙwanƙolin
devise,ƙirƙiro
brought,kawo
rehoboth,rehobot
uppermost,uku
buildings,ginen
inwardly,cike
luz,luz
whirlwinds,guguwa
imposed,zuriyarsu
preserves,adana
oholiab,oholiyab
gravel,da
twenty,ashirin
winnowed,sheƙe
strength,ƙarfina
state,farkonsa
boiling,tafasa
temples,turken
shur,shur
terah,tera
person,kuskure
shophach,shobak
marred,lalace
counted,ƙidaya
bake,toya
accursed,ananne
void,azanci
stop,ƙarami
michael,ilu
spares,ɗansa
blame,laifin
levels,hawa
zered,zered
anathoth,anatot
route,ya
crowns,rawani
marveling,suka
ledge,ɗibi
condemnation,dogayen
esteemed,ta
in,a
equity,adalci
wailing,kururuwa
jezebel,yezebel
thoroughly,matankaɗinsa
timna,timna
herself,kanta
nisroch,nisrok
affirm,tabbatacce
pacified,huce
keeps,alkawarinsa
shaaph,af
yearned,ɗan
visited,makiyayan
rebuking,kwaɓe
onto,adoniya
egyptian,hagar
ziha,ziha
tempered,zafin
secret,ɓoye
baz,hash
forbade,aljanu
blessing,albarkar
firm,daram
mean,anar
guni,guni
janoah,yanowa
about,game da
promised,alkawari
riblah,ribla
harmful,mutanen
recognized,gane
despised,rena
shemesh,shemesh
run,hawaye
charmed,in
continue,dawwama
business,ahimelek
alush,alush
mouth,bakina
mortar,shafen
heights,nafot
topmost,karya
uri,uri
pan,tukunyar
attacks,wani
jehiel,yehiyel
charged,amma
fasting,azumi
herbs,ganyaye
nahor,nahor
divisions,ɓangarori
roadside,hanya
eglah,egla
theirs,nasu
years,shekaru
josiah,yosiya
chinneroth,kinneret
maharai,maharai
officer,sojan
ugly,munana
accuser,ji
tenons,fiƙe
worlds,magana
glad,murna
brim,iransa
illness,ciwon
ramah,rama
eliezer,eliyezer
hammered,ka
seeds,shuke
founded,sammai
homes,zama
nard,nardi
lee,tsibirin
confessing,zunubansu
deception,ruɗin
giver,mai
hurt,cuce
scrape,ta
walks,hanyoyinsa
overflow,malala
storm,hadari
counselor,mashawarci
razor,reza
serve,bauta
trusted,dogara
wore,ɗamara
jokmeam,yokmeyam
animal,dabba
action,tsattsarkan
teaches,tanƙware
eighth,takwas
scoffing,reni
obey,biyayya
moons,asabbatai
horonite,sanballat
iscariot,iskariyot
lift,ɗaga
chastisement,ku
overcomes,ikkilisiyoyi
odious,zoba
oholah,ohola
carved,gunki
ginath,ginat
exists,ƙarancin
flinty,kuma
laish,layish
azel,azel
reckless,yi
she,ta
revived,raina
foreigners,baƙi
departure,kusan
calneh,kalne
shelters,bukkoki
faith,bangaskiya
continual,hadayarta
blamelessly,ƙin
short,gajeren
cure,warkar
mourn,makoki
zebulunite,elon
offer,miƙa
foreseeing,cewa
consecration,naɗi
eternity,abada
steep,aladun
traditions,koyarwar
pillars,ginshiƙan
cauldron,tukunya
rogelim,rogelim
explore,ce
twined,shuɗi
condemn,zamani
zabdi,zabdi
tishbite,tishbe
defrauded,cuce
cyrene,sairin
mention,ambace
gideon,gideyon
worms,tsutsotsi
refuge,mafaka
broken,karya
strictly,abu
heat,zafin
moreover,maganar
etam,etam
aboard,assos
overtake,cim
played,karuwanci
moment,farat
dawn,asuba
feast,bikin
leavened,yisti
rufus,rufus
title,sanarwa
rooms,ɗakunan
zeeb,zeyib
nemuel,nemuwel
angels,iku
shouting,sowa
signs,alamu
gederoth,gederot
yearly,tunawa
behind,bayansa
not,ba
builds,kaiton
who,wanda
outstretched,ajabai
sparing,za
goes,tafe
leper,kuturu
admonished,a
hathach,hatak
barachel,barakel
damage,gyaran
kneeled,durƙusa
settings,tsaiko
dignity,matsayi
cassia,kashiya
neighbors,maƙwabtanmu
dinner,shirya
zelek,zelek
believed,gaskata
izharites,izhar
trustworthy,aminci
mornings,safiya
backward,taki
middle,tsakiyar
helez,helez
provinces,lardunan
tiglath,tiglat
entice,ruɗinsa
cloven,rababben
woods,horesh
gethsemane,getsemane
locusts,ri
keeper,hegai
shouted,barikin
meet,sadu
wings,fikafikansu
street,titi
government,salama
roots,kututturen
mahaneh,mahane
recovered,ƙwato
preaching,azin
diligently,neme
rushes,kyauro
away,kwashe
fined,tara
between,tsakanin
known,sanar
seats,tutture
faced,fuskantar
wept,kuka
blameless,aibi
seas,tekuna
clay,yumɓu
pillow,akuya
destruction,hallaka
greed,iri
shovels,cokula
still,tsaya
michmethath,mikmetat
iron,ƙarfe
restoring,ubangiji
lahai,lahai
cherethites,keretawa
when,sa'ad da
furrow,a
levitical,lawiyawan
mistreated,wulaƙanta
zebub,zebub
too,kuma
shelter,inuwar
sailed,saifurus
washing,haƙoranki
approach,kusaci
overtaken,ma
chemosh,kemosh
lizard,ƙadangare
decay,ruɓa
lazarus,lazarus
entreated,madadin
pool,tafki
reported,geshem
selfish,sonkai
perverted,lalace
seveneh,aswan
height,tsayinsa
religious,addini
chephirah,kefira
hundred,ɗari
borders,wajajen
ambush,kwanto
under,ƙarƙashin
seeks,nema
fishers,bi
knows,san
guides,jagora
japhlet,yaflet
gnashed,mini
ten,goma
rubies,murjani
rabboni,yesu
cared,lura
destroys,lalace
handmaids,bayi
faces,fuskokinsu
tears,hawaye
ashan,ashan
hostages,samariya
vat,inabi
enduring,dukiya
alike,mariri
bondage,yantar
one,ɗaya
hundredth,ɗari
nahum,nahum
drag,kotu
sake,sunanka
mankind,adam
fellow,aikina
discretion,rarrabewa
bay,iyakarsu
maiden,yarinya
beersheba,beyersheba
amid,tare
jakim,yakim
latin,yahudawa
let,bari
sakes,amfaninku
wolves,kyarketai
resurrection,tashin
gentle,tawali
machir,makir
partiality,bambanci
tarsus,tarshish
villages,ƙauyukansu
according,bisa
leaf,ganyayensu
pamphylia,famfiliya
fool,wawa
capernaum,kafarnahum
dreams,mafarkai
downward,ƙarfe
threats,barazana
insult,zagi
contains,abin
kidneys,hanta
seventeen,017
imitators,gurbina
hardens,yake
tempter,zama
left,bar
merciful,jinkirin
shunammite,shunam
warm,ɗumi
needy,matalauta
aware,na
naioth,nayiwot
copper,ƙarfe
mibzar,mibzar
messenger,manzon
lovely,kyakkyawa
jada,yada
imaginations,kai
plucked,tumɓuke
hasupha,tabbawot
made,yi
dinhabah,dinhaba
length,ɗinsa
eats,naman
dung,juji
james,zebedi
earthquakes,girgizar
hodiah,hodiya
persecuting,tsananta
sacks,buhunanmu
perversely,canja
persuades,da
gabriel,jibra
zebah,zalmunna
seasoned,kowa
allotment,rabon
entrance,lebo
purpose,nufinsa
forces,kareya
sort,rarrafe
suffered,tak
clear,madubi
clouds,gizagizai
allon,allon
rekem,rekem
coins,anini
ariel,ariyel
neighbor,maƙwabcinsa
surrounding,kewayenta
chinnereth,kinneret
scorching,zafi
ezbon,ezbon
achbor,akbor
proof,tabbacin
couch,gadona
anchors,ƙugiyoyin
himself,kansa
ill,sha
breaches,wuraren
flogged,sakar
mikloth,miklot
unbelieving,harsuna
boast,taƙama
yielding,shuke
reasonable,sa
watchings,fama
fervent,himma
living,rai
korah,kora
sixteenth,shida
pharisees,farisiyawa
kept,kiyaye
unmarried,amuran
shadow,inuwar
mother,mahaifiyarsa
weapon,makamin
ours,namu
garden,lambun
favorite,yan
whitewash,farar
ashdodites,ashdod
doesn,bai
passes,tsaki
topaz,tofaz
exist,yarda
comforted,azantar
rules,mulkoki
hori,homam
rocky,wurare
forgets,manta
anab,anab
watchmen,gamu
pirathonite,firaton
cow,fatun
abomination,ƙyama
confessed,baƙi
ornament,ado
watchers,yan
ease,kwanciyar
dispersion,warwatse
crimes,aikata
nahshon,nashon
writing,rubutun
source,mai
sherebiah,sherebiya
arvad,arfad
contradict,ƙaryata
stirring,ba
lines,a
handful,laushin
fugitive,barkatai
plans,shiryen
ira,ikkesh
berites,beriyawa
aim,shi
sibbecai,sibbekai
authority,iko
part,kashi
cephas,kefas
delivers,kuɓutar
hereafter,faru
messiah,almasihu
keturah,ketura
concerned,amuran
ask,roƙa
perceive,fahimta
unceasing,ina
besides,kunnuwanmu
country,tudu
hades,hades
morsel,abinci
crimson,garura
nose,hancinki
detests,ƙyamar
fiftieth,hamsin
construction,gina
looks,fuskantar
zillethai,zilletai
arguments,gardama
jaazaniah,azaniya
indictment,ji
what,abin da
ahaz,ahaz
scarcity,zai
washed,wanke
dispossess,umman
riddles,kacici
syrian,arameyik
ishi,ishi
doubled,biyu
hammath,hammat
draws,gab
rebel,geshem
peoples,ummai
chebar,kebar
elements,sammai
lustful,kishi
weeds,ciyayin
wouldn,wayewa
tyre,taya
hegai,hegai
presents,kyautai
desirable,bansha
game,da
differs,darajar
restraining,hana
solemnly,sosai
everlasting,madawwamin
kishon,kishon
sleek,mulmul
scatters,watsarwa
path,hanyata
extent,duk
continually,kullum
immortality,ruɓan
loosen,takalmansa
nevertheless,ɗanka
of,ta
advice,shawarata
hushai,hushai
taxes,kaisar
ikkesh,ikkesh
millstones,niƙa
pollute,ƙazantar
keilah,keyila
fret,tsorata
azarel,azarel
jehieli,yehiyeli
rejoice,farin
gazzam,gazzam
bags,jakankuna
shortly,daɗewa
must,dole
election,haka
lawyer,masanin
ostriches,mujiyoyi
luke,luka
greedy,haɗama
almug,almug
cried,ihu
figs,ɓaure
handfuls,tafin
wrecked,kasuwanci
provides,abinci
adorned,zumurrudu
committed,zina
worship,sujada
asriel,asriyel
minds,hankulansu
seaside,fatu
charges,laifi
captured,ganima
crushes,yakan
eagles,gaggafa
naomi,omi
sela,sela
reproaches,zage
arm,hannunka
gershonites,gershonawa
persecutions,tsanani
susa,shusha
venture,ma
matters,wakilin
aground,fyaɗa
multiplies,yawan
captains,shugabannin
covet,ƙyashin
redeemer,fansarki
sixth,shida
naarah,ara
verdict,wurin
rafts,lebanon
camp,sansanin
silas,sila
already,riga
promise,mag
stubbornly,ubangiji
aren,tarihin
oppress,zalunci
striving,fama
engraver,gwani
mediator,matsakanci
trembling,rawan
cherith,kerit
ezrahite,etan
blotted,shafe
adoniram,adoniram
achaia,akayya
jeremoth,yeremot
fables,tatsuniyoyi
merchandise,cinikinki
bribes,hanci
member,gaɓa
chastised,kunamai
barkos,barkos
shekel,aunin
marsh,mulmul
tradition,adun
scorned,kashe
display,nuna
haste,gaggawa
sorcery,sihiri
walked,hanyoyin
hardening,cikin
becoming,yaron
vow,musamman
betroth,aure
coats,hulunan
tormented,farar
growth,aka
roman,roma
coveted,azurfa
horns,ƙahonin
watched,dubawa
are,ne
ridiculed,dariya
ox,saniya
blasphemies,saɓo
sprout,tohu
infirmities,cututtukansu
ahimelech,ahimelek
scribes,malaman
considers,tunani
believer,bi
counts,lissafta
cut,yanke
elhanan,elhanan
benaiah,benahiya
warp,tariyar
exactly,so
abandon,yashe
filthy,dauda
puvah,fuwa
devil,iblis
nonsense,wani
heaviness,baƙin
sabbath,asabbaci
keepers,tsaron
succeeded,horiyawa
soul,raina
knit,jijiyoyi
loss,hasara
leprosy,yaɗuwa
doers,yin
sacar,sakar
perverseness,ruɗu
ruby,tofaz
jeshaiah,yeshahiya
springs,maɓulɓulan
needs,bukatarsa
merom,meron
multiplying,ba
hophni,hofni
follows,wasiƙar
written,rubuce
hellenists,hellenanci
suck,shi
consumes,cinye
fists,bubbuge
decreed,ƙarshen
manifestation,kowa
orders,saboda
also,kuma
abida,abida
shuhite,bildad
zacchaeus,zakka
dies,gwauruwar
threshed,ba
misfortune,sa
anxious,rayuwarku
float,a
marriage,aure
reu,reyu
make,zan
ludim,anamawa
disobeyed,biyayya
azzur,azzur
whose,wane
ledges,suna
current,na
cana,galili
touched,rigarsa
comparable,mataimakin
seized,iriya
proceed,fitowa
yours,naka
arrest,koyarwa
shetharbozenai,bozenai
imnah,imna
lived,zauna
accessories,ajiye
possessions,mallakarsu
afflictions,gwajen
welcomes,yana
escapes,tsere
riverside,kogi
admah,adma
profit,riba
reading,karatun
spider,yanar
avenged,ramuwa
keros,fadon
expected,allah
shedding,zub
sure,tsayayyen
rage,baka
dish,kwano
ammihud,ammihud
summons,yi
operation,hannuwansa
they,sun
fellowship,zumunci
afflicting,masussukarka
damascus,damaskus
arabians,larabawa
blot,shafe
by,ta
stolen,sace
groves,gonakin
zadok,zadok
whisperer,gulma
jesse,yesse
reconciliation,sulhunta
perfecting,saboda
gains,bayar
quenched,kashewa
spoons,hantsuka
watch,tsaro
die,mutu
tekoite,ikkesh
repented,korazin
trespassed,aminci
mine,nawa
snakes,macizai
hearts,zukatan
clapped,cewa
nebat,nebat
keep,kiyaye
price,farashin
reasoned,muhawwara
promoted,girmama
seemed,barnabas
displease,zai
joktan,yoktan
prayed,addu
cattle,shanu
dowry,kuɗin
ark,akwatin
ithran,itran
pieces,kucu
nostrils,hancinsa
planted,shuka
satiated,yi
zophah,zofa
strongholds,kogwannin
hawk,shaho
lender,mai
you,ku
deserve,dace
go,tafi
seriously,hafsoshinsa
bearing,shuke
stable,wurin
lest,kada
unity,zaman
descendants,zuriyarsu
potsherd,ya
rejoicing,murna
ornan,ornan
pools,sandanka
chose,zaɓi
range,abu
claimed,da
tombs,kaburbura
special,musamman
spikenard,nardi
foolishness,wauta
sink,nutsewa
necklaces,ubangiji
miracles,banmamakin
wiser,fiye
abijah,abiya
forever,abada
networks,kwartaniya
baskets,kwanduna
distressed,maharba
amaziah,amaziya
adorns,ado
sons,maza
want,so
ladles,kwanonin
philippi,filibbi
customs,adun
enriched,hanya
mule,gihon
shobab,shobab
taunt,abin
mediums,bokaye
baptizing,baftisma
senseless,azanci
methuselah,metusela
embalm,maganin
corruptible,lalacewa
eliab,eliyab
lament,makoki
stubbornness,taurin
jetheth,yetet
sirion,siriyon
gaza,gaza
ahilud,ahilud
dig,tona
dumah,duma
host,mai
widowhood,gwaurancinta
warned,gargaɗe
envied,kishin
became,mahaifin
forsaking,hanyar
berechiah,berekiya
poison,dafin
memucan,memukan
elamites,da
strives,ba
coal,wuta
running,hizzob
wall,katangar
famine,yunwa
cling,manne
igal,igal
pray,addu
fitting,dace
removes,yana
abounds,tana
woven,ɗamarar
belt,ɗamara
onyx,onis
dawns,duhu
forgives,zunubai
shuni,shuni
pithon,fiton
dishan,dishan
alpha,alfa
panic,tsoro
elealeh,eleyale
hymenaeus,himenayus
possessed,aljanun
earthly,rashin
unleavened,yisti
overtook,maharba
slippery,santsi
carriage,solomon
jael,yayel
earthen,tukunyar
obedient,biyayya
imperishable,ruɓan
accustomed,ta
yes,i
wine,inabi
hastily,sauri
understands,fahimta
aner,aner
embrace,rungume
amoz,amoz
testimonies,farillanka
amazed,mamaki
testimony,shaidar
eliasaph,eliyasaf
setting,shafe
urged,aman
humiliated,an
sprigs,zama
relative,danginmu
summon,isa
star,tauraron
swarming,ɗango
sends,umarninsa
everything,kome
null,to
hallelujah,halleluya
arrogantly,ƙahonin
peninnah,feninna
naked,tsirara
guarded,sarki
inheritances,nun
digs,haƙa
accuses,cewa
tychicus,tikikus
rise,tashi
peeled,rassan
witness,shaida
accusation,zarginsa
elizaphan,elizafan
furnace,tanderun
ashhur,asshur
extend,fadada
jackals,diloli
foreigner,baƙo
appoint,naɗa
buries,kwano
fairest,ƙaunataccenki
devourer,cinye
tall,kurminsa
soon,zarar
carpenter,kafinta
inquire,nufin
despise,rena
wherever,inda
last,ƙarshe
beam,tsinken
unjust,adalci
pain,naƙuda
forfeits,ransa
ensnared,tarko
lost,ɓatattun
tunic,gwanin
safely,ƙalau
sing,rera
firstborn,fari
meshelemiah,meshelemiya
existed,kafin
rechab,rekab
grounded,kuka
closer,ɗan
purchase,takardun
butcher,ci
azekah,azeka
native,haifaffun
geber,geber
harim,harim
grumbled,suka
subdues,ƙarƙashina
defect,lahani
arise,tashi
shuhamites,shuhamawa
gerizim,gerizim
warmed,sutura
worshiped,sujada
catches,ragarsa
zibeon,zibeyon
victory,nasara
steadfastly,gutsuttsura
an,wani
old,shekara
salvation,ceto
unintentionally,ramako
shean,sheyan
adulterous,yunana
coral,murjani
vapors,tsawa
severe,tsanani
silent,shiru
apple,gawasa
truth,gaskiya
rains,ruwan
scorch,wuta
swoon,suma
soles,tafin
foxes,yanyawa
sheaf,damin
piped,sarewa
attire,ta
uncircumcised,kaciya
ruined,inabinsu
season,ƙayyadadden
m,gaɓar
uphaz,ufaz
bells,ƙararrawa
amalek,amalekawa
million,miliyon
oholibah,oholiba
azor,azor
denounce,sai
abundance,yalwace
massa,mishma
misuses,allahnka
embracing,da
aijalon,aiyalon
jehozadak,yehozadak
shrink,ban
buttocks,hanun
abib,abib
pitchers,butoci
insisted,nace
snuffers,hantsuka
circumcision,kaciya
leader,garke
bilhah,bilha
handiworks,kayanki
handling,kalmar
ancient,fil
jarib,yarib
afford,tattabarai
jether,yeter
split,tsage
rabbah,rabba
pelaiah,felahiya
scourging,bulala
siloam,silowam
nekoda,nekoda
javan,yaban
olivet,tudun
gold,zinariya
blesses,antu
wakes,ubangiji
greedily,ƙari
exalts,ƙasƙantar
rowers,matuƙan
wind,iska
coast,tsibiri
chosen,zaɓa
amend,hanyoyinku
golgotha,golgota
defraud,cuta
serpents,macizai
third,uku
lifted,ɗaga
tells,gaskata
carmelite,arai
sergeants,alƙalan
shames,kunya
calamus,yaji
reveal,ubana
alphaeus,alfayus
humble,tawali
aged,tsofaffi
benefit,alherin
bulls,bijimai
calamity,masifarsu
invades,ƙasarmu
mystery,asirin
disaster,masifa
inspected,dudduba
hundreds,komandodin
blunt,da
bounds,iyaka
hashmonah,hashmona
shemariah,shemariya
commands,junansu
stomach,tsami
begged,roƙe
stay,dakata
honors,hanun
envoy,wakilai
different,ragargaje
incense,turare
union,haɗinkai
spittle,da
calling,kiran
ararat,ararat
sprang,zurfi
fashions,gunki
proclamation,shela
double,ninki
confidence,dogara
anak,anak
would,za
regret,baƙin
claudius,kalaudiyus
wearies,gajiyar
prevail,nasara
carcasses,namansu
godliness,tsoron
grievous,nauyi
inquired,nufin
right,dama
images,siffofi
mortal,ruɓan
expanse,arshin
yoke,karkiyar
reasons,ka
doubt,shakka
populous,jin
impossible,kalle
thieves,ɓarayi
foolish,wawaye
buds,ƙerarriyar
lay,ɗibiya
seal,hatimi
girgashite,girgashiyawa
forefathers,kakanni
couriers,shusha
larger,babban
outer,waje
jahaziel,yahaziyel
difficulty,tsibirin
something,gilashi
flavor,gishiri
comforting,ta
but,amma
owed,hakkinsa
entrusted,danƙa
rust,tsatsarta
drunkards,mashaya
ladies,mata
molding,gurun
lystra,listira
forsake,yashe
faraway,nesa
omri,omri
fixed,daga
span,murabba
mesopotamia,naharayim
amok,amok
heirs,mag
wants,bawan
shearing,eked
lowered,saukar
cruelty,gama
moved,jijjigu
hindered,wurinku
lovers,kwartayenta
snatches,ƙwace
tear,yage
onan,onan
absalom,absalom
pairs,jirgi
soco,soko
gad,gad
is,ne
housetops,rufi
traders,kayanki
responsible,shugaban
beat,bubbuge
ephraim,efraim
bowl,faranti
ahava,ahawa
wonders,alamu
mountain,dutsen
amos,amos
passions,awace
feeble,laƙwas
ensnare,tarko
horribly,giggice
first,farko
exceed,idanuna
seashore,yashi
elzabad,elzabad
peaceably,tarye
greatly,ƙwarai
hammon,hammon
shaalbim,albim
joahaz,yehoyahaz
perplexed,rikice
figure,kamannin
discouraged,karai
heart,zuciyata
altar,bagade
moabites,mowabawa
abba,abba
purge,tsabtacce
adoni,adoni
results,yi
gihon,gihon
nazirites,annabawa
obtaining,ubangijinmu
wishing,y
marks,z
credited,matsewar
bell,jera
talks,da
canaan,ana
dressing,sa
gladly,murna
traps,tarko
presidents,muƙaddasan
weight,nauyinsa
raise,tashe
maher,hash
excel,mahaifinka
ruled,sihon
risked,kasai
ataroth,atarot
barsabbas,barsabbas
loathes,suka
speaking,magana
deceived,ruɗe
ethan,etan
pour,zuba
treasures,ajin
jacinth,ametis
little,kaɗan
maids,mata
annul,ne
somewhere,rana
doings,ayyukanku
sentenced,mutuwa
nineveh,ninebe
testing,gwada
shower,zubo
disobedience,gafarta
hittites,hittiyawa
provoking,tsokane
nathan,natan
amminadab,amminadab
uthai,uttai
hanan,hanan
wonder,ajabi
el,el
blindness,makanta
incurable,warkewa
succeed,nasara
lawsuits,k
denies,uban
menahem,menahem
mildew,fumfuna
defile,ƙazantar
passed,wuce
submit,zarar
shelomoth,shelomot
falls,ɗi
arrow,kibiya
sharpen,gatari
bilgah,bilga
corruption,ruɓa
rapha,rafa
thirsty,ƙishirwa
considering,yake
fields,gonakin
deal,alheri
moza,moza
ammiel,ammiyel
sect,ɗarikar
retain,gafarta
shouts,an
conduct,y
casts,elzebub
provided,yankuna
grabs,kama
amalekite,amalek
elasah,eleyasa
tiny,ɗigo
bowls,kwanonin
ago,tuntuni
salma,salma
thorn,ƙaya
eloth,elot
owe,bashin
zerubbabel,zerubbabel
flames,harsunan
pharaoh,fir
jostle,kowane
armies,maɗaukaki
serah,sera
raiding,hari
harmed,ji
divide,raba
wallow,birgima
confidently,mutum
makes,iska
ishmaelites,ishmayel
eyewitnesses,shaidu
hers,nata
on,a kan
obscurity,duhu
never,fau
geshurites,geshurawa
bene,bene
carefully,kada
publish,shelarsa
censers,farantan
praised,yabi
extended,ala
stopped,daina
wrote,rubuta
quickly,sauri
tamarisk,tsamiya
pomegranate,rumman
hauran,hauran
decide,sunsu
elihu,elihu
ewe,tunkiya
writes,zai
seraphim,a
partridge,zuba
corinthians,korintiyawa
their,nasu
agreement,kabari
neighing,da
squares,dandalin
previously,sadakoki
anger,fushi
arimathaea,arimateya
lod,lod
arguing,ko
often,sau
abraham,ibrahim
jaaziah,beno
poem,miktam
thresholds,madogaran
obtain,baiwata
arms,tsintsinke
shan,yabesh
animals,namun
achsah,aksa
offices,nawayarsu
formed,siffanta
princess,sarauniya
elijah,iliya
flashes,walƙiya
centurion,jarumin
mound,mahaurai
painted,wa
shechem,shekem
them,su
chiefs,horiyawa
stretched,hannunsa
doted,kwartayenta
hakupha,harhur
twilight,jiran
carmi,karmi
showers,yayyafi
enthroned,kerubobi
cheeks,kayan
basin,daro
could,iya
smallest,daga
shined,cikin
all,duka
angry,fushi
kinswoman,dangin
resists,girman
week,mako
knead,yi
engraving,aiki
hor,hor
assyrians,assuriyawa
commend,yabon
acknowledge,nace
sum,yawansu
plentiful,girbi
hate,ƙina
testicles,miƙa
lifeblood,jininsu
estate,sarkin
temperate,sauƙinkai
twelfth,ewil
gittaim,gittayim
officials,aikata
shimshai,shimshai
inhabitants,mazaunan
ails,mece
overthrows,yakan
lotan,lotan
arrogance,linzamina
boundless,iyaka
drops,sama
gallim,gallim
possessing,kome
conaniah,konaniya
bel,bel
ransom,fansa
rehearse,an
weaker,ƙarfi
pleaded,ka
acceptable,yardajje
marries,saki
prospers,nasara
declares,masu
bezai,bezai
watches,tsaro
mourns,yanƙwane
abihu,abihu
flashing,walƙiya
searching,kan
jochebed,yokebed
lied,ƙarya
radiant,haskaka
molded,maraƙi
watcher,saukowa
stature,yatsotsi
piercing,takobi
root,saiwa
despair,cetona
come,zo
deaths,ne
instruction,horo
remained,girgijen
denarius,dinari
generously,sake
spread,shimfiɗa
hazeroth,hazerot
satan,shaiɗan
savory,daɗi
census,ƙidayan
hillel,hillel
gareb,gareb
spy,leƙi
cobra,dafin
worthily,rayuwar
am,ni
grieve,hawaye
decision,shawara
belts,ɗamara
blowing,taro
speak,magana
symbol,ma
almon,dibilatayim
realized,da
sail,jirgin
staffs,ɗauki
hazar,hazar
uriah,uriya
fashion,su
milcah,milka
given,ba
slipped,ƙafana
jaddua,yadduwa
before,kafin
shooting,na
philip,filibus
respects,biyayya
fold,garke
sinks,yakan
jealousy,kishi
uzzi,uzzi
pondered,da
valiantly,banmu
district,gyaren
abandoned,rungumi
fulfilled,cika
into,shiga
turning,kusurwa
tie,ɗaura
longs,raina
covered,rufe
jew,mordekai
respect,sonkai
thyatira,tiyatira
amen,amin
sarid,sarid
baked,toya
cherubim,kerubobi
plagued,annoba
troas,toruwas
difference,bambanci
collateral,lamunin
robs,fashi
mizzah,mizza
astray,kauce
priesthood,sunayensu
gate,ƙofar
loving,ƙaunarsa
lily,furen
millstone,niƙa
astonishment,kufai
tahan,tahan
sheep,tumaki
elah,ela
adna,adna
haman,haman
cutters,yankan
alien,talauta
crowd,taron
suddenly,farat
either,tariyar
condemned,hukuncin
swift,saurin
giddalti,giddalti
encourage,jagoranci
persuasion,ya
long,yaushe
give,zan
deer,barewa
asa,asa
praying,addu
branded,ne
obed,obed
scriptures,nassosi
kedemah,kedema
earth,duniya
help,taimake
cheran,keran
deceives,ruɗin
ziba,ziba
jephunneh,yefunne
ahikam,ahikam
jezreel,yezireyel
power,ikon
continues,albarka
cruel,dawakansu
haran,haran
earnestness,ƙaunarku
deck,ado
comparing,ba
untie,ƙauyen
departs,mijinta
arioch,ariyok
corinth,korint
directly,sosai
robbers,fashi
harshly,tana
swelling,kumburi
endanger,kuna
honorable,martaba
parable,misali
malign,da
tolerable,tausayin
singers,mawaƙa
wafers,wainan
wrestled,kokawa
fearing,fyaɗa
gnashing,cizon
falsehood,ruɗu
eight,takwas
grieved,damu
tutor,bangaskiya
closed,matsattsun
elon,elon
shem,shem
nourishes,y
waters,ruwaye
kiriathaim,kiriyatayim
booth,ya
selah,sela
tapestry,na
lend,rance
glorious,yanƙwanewa
knees,gwiwoyin
speaks,baki
pleases,gamshi
bildad,bildad
executing,yehu
hareseth,hareset
offenses,gama
boat,jirgin
overturn,za
impudent,iko
announce,shelar
courses,jeri
misery,ƙunci
ahisamach,ahisamak
proved,gwada
joiakim,yohiyakim
helon,helon
resting,hutunka
shaved,aske
nearly,kusa
remembered,tuna
themselves,kansu
gently,hankali
shrine,karuwai
butter,kindirmo
vision,wahayi
homosexuals,zina
araunah,arauna
wages,albashin
levites,lawiyawa
wring,murɗe
philadelphia,filadelfiya
provisions,dawuda
value,kanari
bochim,bokim
alert,don
ethiopian,melek
withhold,hana
twisted,mai
hamul,hamul
soothsayers,dabo
besiege,ƙawanya
shilonite,ahiya
ain,ayin
crib,saniya
sufficient,isashe
like,kamar
alone,kaɗai
call,kira
liars,maƙaryata
watchtower,hasumiyar
acquaintances,abokaina
quaked,rawa
leave,bar
gloriously,doki
rot,ruɓe
waits,ƙosa
perished,ɓace
magog,magog
eliathah,eliyata
jamin,yamin
hired,hayar
enlarges,fadada
mattathias,mattatiyas
joel,yowel
highest,hosanna
stupid,sani
shaken,girgiza
scorpion,kunama
mint,kaitonku
extol,waƙa
dathan,datan
ginnethon,ginneton
ephesus,afisa
shiloh,shilo
emek,emek
restitution,diyya
secrets,asiran
renounced,ko
preacher,malami
utter,bakina
measuring,karan
scorn,kamar
green,ɗanyen
omar,omar
hard,wuya
instrument,gittit
fitted,haɗe
lamech,lamek
patriarchs,kakanninmu
proselytes,da
silver,azurfa
trade,sana
eliehoenai,eliyehoyenai
caphtorim,kaftorawa
responded,ne
extortion,zalunci
ends,iyakokin
saying,cewa
thanksgiving,godiya
adummim,adummim
defeated,hadadezer
spite,saurare
blisters,fiffito
zibiah,zibiya
certainly,gaya
pasture,kiwonsu
ahitub,ahitub
eat,ci
merchant,kayanki
burying,binne
ought,kamata
ransomed,nishi
show,nuna
tiphsah,tifsa
redeemed,fanshe
didymus,didaimus
withdrew,janye
quarrels,tana
deprived,ta
shows,sarkinsa
engrave,garura
impart,ku
conformed,ikon
presumptuously,annabin
rizpah,rizfa
amon,amon
tablet,allo
surrounds,ruɗu
alter,sokewa
stingy,rowa
o,daɗe
scatter,watsar
partaker,in
touching,uku
shebaniah,shebaniya
wisdom,hikima
went,tafi
strangers,baƙi
coveting,ƙyashi
pointed,sa
ammonitess,ama
meant,faruwa
warns,a
hangs,rataye
excusing,re
notice,lura
chimham,kimham
arrogant,fariya
shook,karkaɗe
holds,sandar
ebed,ebed
glories,san
toil,hannuwanmu
tunics,taguwoyi
shine,haskaka
abounded,alheri
yarn,da
researched,ne
abhorred,ƙyamar
brick,tubula
taanach,anak
peleth,felet
turbans,naɗa
common,barkatai
virgin,budurwa
slaughtered,yanka
bone,ƙashin
northward,arewancin
such,irin
milk,madara
infants,fyaɗa
parched,soyayyen
hateful,biyayya
rose,sassafe
axles,ƙafafun
palate,ɗanɗana
cozbi,kozbi
madmen,kawo
berith,berit
while,yayin da
stumbling,tuntuɓe
handed,abubuwa
opportunity,zarafin
triumph,kirarin
balaam,am
hebrew,ibraniyawa
gleaned,kala
gather,tattara
safety,lafiya
gershonite,gershon
year,shekara
ribs,zobai
ripe,lauje
paths,hanyoyi
subjection,hukumomi
swear,rantse
stalk,ƙosassu
event,ƙaddara
hadad,hadad
sheath,kubensa
pledged,aurenta
armory,mai
manna,manna
promotes,inganta
ll,hannuna
performs,kuma
gone,fita
thefts,fasikanci
blasphemous,saɓo
jearim,yeyarim
hurried,sauri
exhort,gargaɗe
gehazi,gehazi
admonition,ya
jashub,yashub
soldiers,sojoji
month,watan
tibni,ginat
heels,tsoro
lewdly,yi
breach,huda
kedesh,kedesh
ruling,ya
magnify,ɗaukaka
liar,maƙaryaci
feasting,biki
shed,zub
borrowed,kan
created,halicce
ibhar,ibhar
aliens,baƙunci
statutes,ƙa
hearer,kawai
nature,awace
pierced,soki
sepher,sefer
reared,shi
example,gurbi
encircled,ƙarfen
overseers,shugabanni
array,r
terms,yadda
sash,doguwar
timber,katako
laboring,aiki
jews,yahudawa
embraced,sumbace
naharai,zelek
accusing,suna
supply,taimako
pedaiah,fedahiya
exceedingly,ƙwarai
swallows,haɗiye
burdensome,duk
ruddy,kyakkyawa
kindled,ƙuna
tenth,kashi
drives,kori
happen,faru
wavering,gama
weakened,ƙoƙari
starting,umarnin
agate,mage
achan,zabdi
numbered,ƙirge
confess,furta
prays,fuskantar
quietly,jira
dog,kare
joshaphat,yoshafat
court,filin
riches,arziki
examined,umarni
garrisons,arameyawan
enabled,sa
necessities,nan
behold,duba
settle,ƙididdigar
vinegar,tsami
stately,daraja
other,wani
satisfy,ƙosar
thickets,jeji
kindness,ƙaunarsa
questioning,malaman
sowed,gonarsa
myrrh,mur
humbles,ƙasƙantar
twelve,goma
elders,dattawan
diblathaim,dibilatayim
ophel,ofel
beno,beno
twice,ninki
marches,ƙasarmu
seated,dama
occupation,arku
ranks,uwarta
pekah,feka
murmurings,gunaguninku
forbid,sawwaƙe
sundial,taki
mauled,yayyage
gorgeously,kayan
pathros,irmiya
actions,na
sustenance,tanada
helping,kuwa
nethanel,netanel
baptizer,baftisma
hedge,manoma
ulai,ulai
cord,igiya
purer,fi
gennesaret,gennesaret
fit,cancanci
resist,tsayayya
books,littattafai
helmets,hulunan
axes,gatura
whirling,irorin
keeping,kiwon
shrewd,wayo
proselyte,tuba
cloud,girgije
four,huɗu
breakfast,san
breastplate,maƙalawa
inward,zobai
etham,etam
blaspheme,saɓo
tekoa,tekowa
barnabas,barnabas
amramites,su
cake,wainar
brighter,hasken
dealings,hulɗa
weighing,kwanonin
retreat,sa
backs,bayansu
chieftains,shugabannin
join,haɗa
prophesying,annabci
kidron,kidron
foreskin,kaciya
wretched,farin
relief,makidoniya
center,cikin
negligent,yanzu
punon,funon
supposing,tsammani
hushim,hushim
flee,gudu
ravenous,tsuntsaye
set,kafa
rising,bayina
dwelling,mazauninka
built,gina
bones,ƙasusuwan
bithynia,bitiniya
threshing,masussuka
random,rauni
commendable,yabo
bring,kawo
asaph,asaf
gadites,gad
instead,maimakon
labors,faman
circumcised,kaciya
fodder,ƙafafunsu
confer,ba
worn,melek
oreb,oreb
removed,kawar
shammai,shammai
bamoth,bamot
chase,kaifin
renounce,anta
headbands,huluna
ambassadors,jakadu
habor,hala
migdal,migdal
south,kudu
control,kamunkai
progress,gaba
towers,hasumiyoyi
worshiping,nisrok
banks,ƙafafunsu
appetite,marmari
withstands,allah
same,iri ɗaya
medeba,medeba
roughly,shawarar
dazzling,walƙiya
perizzite,ferizziyawa
fools,wawaye
regarded,ɗauke
fasted,azumi
scoffers,masu
jeremiah,irmiya
compulsion,dole
blinded,makanta
busybodies,shisshigi
rehob,rehob
preserved,salkuna
asks,ƙwanƙwasa
tested,gwada
killed,kashe
pole,doguwar
figures,misalai
to,zuwa
singing,waƙoƙi
headband,ƙyallen
oneself,kuma
goods,kayayyakinsu
pervert,karkatar
mate,ta
performed,kakansu
prayer,addu
hadadezer,hadadezer
worshiper,cewa
malluch,malluk
water,ruwa
bracelets,woroworo
kibroth,hatta
makheloth,makhelot
gallows,gumagumai
ascending,hawa
carmelitess,ahinowam
enchanter,dabo
snuff,lagwaninsa
shamir,shamir
horses,dawakai
vulture,ungulu
altogether,balak
eliud,eliyud
injured,rauni
straight,miƙe
accomplishes,cika
beheaded,hiridus
terrified,tsorota
flashed,tsawa
zereth,zeret
web,yanar
depth,zurfi
rahab,rahab
blossomed,toho
anguish,naƙuda
hivites,hiwiyawa
fountain,maɓulɓula
mocked,wawiya
cliff,tudun
wiped,hawayenta
rottenness,ruɓa
occasions,kaiton
deceitful,ruɗu
ochran,okran
fruit,amfanin
healings,baiwar
liberty,yanci
summoned,hakimansu
maidens,bayinta
choked,ƙayan
privately,zaitun
age,tsufa
cheerful,zuciya
abishai,abishai
adder,maciji
prepared,shirya
surface,doron
immanuel,immanuwel
accused,zargin
trees,itatuwan
goodly,kyan
crystal,madubi
ointment,alabasta
riding,bansha
sacrifices,hadayu
pattern,fasalin
polls,haihuwa
citadel,shusha
framed,halicce
outcasts,gudun
jahleel,yaleyel
adulteresses,mazinata
joshbekashah,yoshbekasha
multitude,taron
appears,cutar
briers,sarƙaƙƙiya
small,ƙarami
sprinkles,zama
slanderous,suna
iniquity,mugunta
against,gaba da
throne,kursiyin
bozrah,bozra
lent,bashi
valid,tabbatacciya
fallen,ɗi
instant,shela
fill,cika
asher,asher
eglon,eglon
jashar,yashar
shout,sowa
henadad,henadad
being,kasancewa
brings,ajiyarsa
robe,taguwa
buzite,barakel
goiim,goyim
glorifies,wanda
revenge,ɗau
meshullam,meshullam
reconcile,gicciye
assyria,assuriya
watering,kwamame
worse,muni
these,waɗannan
have,da
ehud,ehud
exceeds,fi
courageous,hali
caravan,yaji
ministered,cokula
hides,fatun
works,ayyukan
sayings,zuciyarta
uncleanness,ƙazanta
exceeded,sarakunan
accomplishing,aka
beeri,beyeri
sanctified,tsarkake
boasting,taƙama
maaseiah,asehiya
rich,arziki
uttered,tsawa
creature,halittun
master,maigidansa
work,aikin
tomb,kabarin
ahaziah,ahaziya
tithe,zakka
jerahmeel,yerameyel
stock,dasa
eaten,ci
winks,ƙyifce
conceal,ɓoye
provokes,kama
bringing,birai
visions,wahayin
plowed,nome
ruthless,masu
fine,lallausan
oaths,baƙinsa
tiller,manomi
fall,ɗi
sickle,lauje
justly,gaskiya
archer,maharbi
cubit,rabi
shameful,bankunya
son,ɗan
wasted,ƙasusuwana
michal,mikal
deliverance,sarkinsa
footsteps,bi
she,ita
approved,gwajin
publishes,ƙafafu
joktheel,yokteyel
avenges,fansa
rightly,sa
lighten,nauyin
frogs,kwaɗi
baruch,baruk
gether,hul
jubilee,mallakar
haggai,haggai
establishes,mugun
directed,amsa
abiezrites,ofra
carries,rigunansa
gift,kyautar
steed,da
drip,zuma
bases,dakalai
scorns,dariyar
mounds,mahaurai
cors,garwa
chorazin,korazin
stripes,bulala
couplings,don
whiter,ƙanƙara
uzal,dikla
prisons,kurkuku
adoram,adoniram
bruising,wani
thumb,leɓatun
fords,mashigan
innumerable,wuce
noticed,lura
betray,bashe
contend,hamayya
tekel,tekel
pans,farantan
lehi,lehi
longer,ƙara
rushing,motsi
priest,firist
forefather,ya
loud,murya
mortally,mutuwa
jabneel,yabneyel
gatekeepers,matsaran
sore,zafi
glittering,walƙiya
hardships,duk
begins,fara
undressed,girbe
nicodemus,nikodimus
flood,ambaliya
complain,gunaguni
boldness,gabagadi
slothful,mai
dropping,kamar
cry,taimako
marshal,da
zichri,zikri
gadarenes,gerasenawa
majesty,darajar
barzillai,barzillai
judah,yahuda
fatally,zai
jared,yared
wallet,jaka
molech,molek
viper,gamsheƙa
azubah,azuba
announced,cewa
multitudes,taron
room,ɗakin
sitting,zaune
harp,garaya
territory,sun
begin,mallake
reversed,wadatarsu
shilhi,shilhi
fainting,don
break,karya
thoughts,tunaninsu
lower,horon
crown,rawanin
habit,bijimin
caught,fyauce
morsels,gulma
wielding,mutane
shackles,cikin
judged,shugabanci
bulwarks,katangarta
charmer,gardi
grief,ɓacin
azriel,azriyel
nergal,nergal
synagogues,majami
seir,seyir
allied,haɗa
share,fitina
imri,imri
god,allah
laying,ɗibiya
goads,tsinken
saved,ceto
trample,tattake
ebiasaph,ebiyasaf
cage,keji
david,dawuda
souls,rayukan
stakes,igiyoyinta
zaavan,aban
worked,saƙaƙƙun
crazy,festus
fled,gudu
ha,kai
jehoiakim,yehohiyakim
redeem,fanshe
stays,tabo
curse,la
weighs,zuciyar
deliver,cece
will,za
youths,matasa
armrests,kujerar
harassed,ba
dragnet,kifinsa
mistress,uwargijiyarta
ascribe,tsarkinsa
sinning,dalilin
unfaithful,aminci
pelatiah,felatiya
doubts,warware
drench,da
blood,jinin
delusion,hukuncinsu
and,kuma
expression,kayinu
transgressing,ubangiji
moriah,moriya
gnaw,dare
patient,haƙuri
village,ƙauyen
jehdeiah,yedehiya
equal,kwatanta
lewdness,marmarinki
netophathite,netofa
trespass,laifi
wheat,alkama
seventy,saba
offers,hadayarsa
pertaining,amuran
darkness,duhu
deferred,jinkiri
answering,gwada
strip,adonki
pedahzur,fedazur
purses,jakar
fillets,ƙugiyoyin
sign,alama
withheld,makaɗaicin
adversity,damuwa
lease,hayar
malchiel,malkiyel
child,yaron
stretching,zuwa
zuph,zuf
pleasures,awacenku
knocks,ƙwanƙwasa
thousands,dubbai
obstinate,taurare
platter,faranti
suppose,tsammani
crippled,in
troubles,wahaloli
correctly,daidai
fortune,mai
defer,kada
silversmith,azurfa
bewail,wata
consultation,kai
pangs,naƙuda
edge,karkashe
a,wani
strange,haramtacciyar
wanders,kauce
tahath,tahat
lachish,lakish
ebal,ebal
justified,kuɓuta
hezekiah,hezekiya
boils,maruran
hedges,kan
paws,da
staying,fatu
taught,koya
searches,binciken
forgiven,gafarta
journeys,tafiyarsu
bundle,yayinda
rechabites,rekabawa
floors,masussukai
gershon,gershon
pur,fur
zur,zur
tokens,budurcin
leads,hanyar
distributed,gwargwadon
filth,wurin
sockets,rammuka
orgies,shashanci
traded,kayanki
some,wasu
parables,misalai
daily,kowace
complaint,damuna
delilah,delila
shema,shema
hunting,ya
division,sashensa
gallio,galliyo
darts,ɗauki
refreshed,wartsake
sotai,sotai
strife,kishi
estranged,yashe
melchizedek,melkizedek
shadows,waye
asenath,fotifera
sweeps,share
cheerfully,cewa
players,busan
pierce,hancinta
elderly,tsofaffi
purposes,nufa
convocations,bukukkuwan
told,gaya
abital,abital
propped,arameyawa
hesed,hesed
beside,irorin
zebadiah,zebadiya
dealt,amana
mission,cika
travel,girgijen
temah,barkos
cherishes,yadda
resolved,yi
delights,daɗinsa
done,aikata
hand,hannun
function,halitta
ivvah,hena
weather,sararin
produce,gatari
fat,kitsen
calm,tsit
licked,lashe
preparing,sai
arrayed,fararen
spears,m
handsome,kyakkyawan
leveled,kuma
shillem,shillem
burnt,ƙonawa
prefer,y
rebukes,tsawata
cold,sanyi
slave,yantacce
pardon,gafarta
cloak,rigarka
sycamore,barkatai
deals,bashi
consolation,aziyya
even,har
drive,kori
site,binne
bud,toho
jackal,kuma
sorcerer,sihiri
do,yi
treasury,darik
holiness,tsarkinsa
lusted,kawowa
jezreelite,nabot
both,duka biyu
wagging,zazzage
measured,kamu
forepart,kafaɗa
failed,k
lets,to
dothan,dotan
furthermore,ƙari
danites,zora
stones,duwatsu
fatal,raunin
dominions,mulki
fathers,kakanninku
wanderers,zama
gershom,gershom
jesus,yesu
exercise,hakimansu
baanah,rekab
security,mafaka
derision,dariya
pulled,kan
basis,zargi
zattu,zattu
irijah,iriya
proclaiming,shelar
protect,tsare
hosea,hosiya
thin,munana
boastings,banza
grab,daga
smell,ƙanshin
provoke,tsokane
hiram,hiram
needful,amma
directions,irorin
scar,tabo
tribes,kabilan
jazer,yazer
lodge,lambu
kolaiah,kolahiya
mischief,leɓunansu
hasn,yaɗu
golan,golan
plea,yake
twentieth,artazerzes
divides,ganima
othniel,otniyel
banished,ke
eleazar,eleyazar
finish,gamawa
brandish,abin
off,yanke
dripping,tana
nipples,rungumi
lacked,rasa
chastening,horon
polluted,ƙazantu
headlong,muguntarsa
facial,ta
round,gammo
companions,abokansu
heshbon,heshbon
stealing,sata
hazael,hazayel
kishion,kishiyon
eastward,gabas
anchor,ƙugiyar
fuel,hura
sorts,kowane
zeal,himma
philistines,filistiyawa
juice,inabi
eighteenth,azaliya
shubael,shubayel
argue,faɗa
clefts,tsagaggun
heaps,tsibin
after,bayan
forbids,rantsuwar
stuck,shinsa
diseases,cututtuka
corner,kusurwa
flash,walƙiya
willingly,yardar
somewhat,game
falling,ɗuwa
talking,maganganu
pay,biya
meets,kisankan
wax,kaki
hunter,maharbi
mamre,mamre
temptation,jarraba
urinates,yantacce
flax,lilina
vanishes,ɓace
overthrown,sodom
here,nan
market,kasuwar
persians,sokewa
abidan,abidan
sheba,sheba
deprive,zaluntar
fulfill,cika
presumed,tsammani
stores,cikinsu
remission,gafarar
noose,bi
sale,dangana
ribai,ribai
isle,sidon
disciplined,mu
richness,ni
footmen,agaran
offered,ƙonawa
tongues,harsunansu
hashum,hashum
eri,eri
violently,ƙwace
gazites,gaza
devours,harshen
zaccai,zakkai
there,can
misuse,allahnka
household,iyalinsa
agony,azaba
slaughter,mayanka
meal,gari
demon,aljani
lawless,adalci
leading,mutuwa
puts,faci
corners,kusurwoyi
kenizzite,bakenizze
luxury,rayuwar
kareah,kareya
growing,alherin
leah,liyatu
eastern,rum
fallow,nome
bedroom,yehosheba
public,dandalin
giddel,giddel
outran,gudu
furnished,shirin
wander,yawo
wandering,yawo
pethor,fetor
droves,su
caring,damuwa
disturbance,hargitsi
tou,towu
commit,zina
restorer,ta
swears,rantsuwar
nephilim,nefilimawa
heap,tsibin
laborer,aikaci
jonah,yunana
nearest,gawar
oppressors,zalunta
wreaths,furanni
dried,bushe
paying,biya
overshadowed,girgijen
locked,kulle
bowed,rusuna
picked,shekara
debts,ka
secure,zamansu
aroer,arower
ahijah,ahiya
crows,cara
thirst,ƙishirwa
inlaid,kuma
darkened,duhunta
perfected,cikakkiya
jebusite,yebusiyawa
thumbs,adoni
perpetual,dawwammamiyar
drinking,ciye
quantity,awon
freedom,yancinku
distracted,yi
wear,rayuwarku
arrested,hiridiyas
fetters,ƙwaƙule
jarha,yarha
kindnesses,tausayi
fainted,yunwa
woke,nutse
abroad,warwatsu
see,gani
magdalene,magdalin
commissioned,ubangiji
justifies,laifi
netophah,netofa
spice,yaji
rameses,rameses
counsel,shawarar
zerah,zera
lifetime,lokacin
stiffened,juye
furnishings,kayayyaki
belly,yunana
dwell,zauna
heir,mag
helah,hela
mad,haukace
hinder,hana
spots,fatar
treacherous,uwarta
did,yi
overlaying,dalaye
israel,isra
kelita,kelita
yokes,ta
jeconiah,yekoniya
bounty,sarki
ether,eter
object,ƙyama
instruments,molaye
hadoram,hadoram
tubal,tubal
lamps,fitilu
achzib,akzib
got,jakinta
migron,migron
jehozabad,yehozabad
bull,bijimi
greatness,girmansa
body,jikin
naaman,aman
thicker,yatsana
eve,hawwa
enosh,enosh
pigs,aladun
sickness,ciwon
mute,bebe
submitted,wa
purify,tsarkake
discerned,domin
reckon,shekarun
repentance,tuba
groups,ƙungiya
scripture,nassi
bottom,ira
gideoni,abidan
anybody,wa
sadducees,sadukiyawa
geshur,geshur
companion,abokinsa
unreasonable,ba
tearing,a
esar,haddon
floodwaters,ambaliya
city,birnin
concubines,ƙwarƙwarai
excellence,shaida
blasphemed,saɓo
decaying,lalacewa
loved,ƙaunace
hermon,hermon
deceivers,ruɗi
especially,musamman
ascents,haurawa
sunk,nutsar
instruct,koyar
multiply,riɓaɓɓanya
worth,albashin
insane,haukace
restricted,ce
vineyards,gonakin
elzaphan,elzafan
rested,huta
watered,banruwa
acknowledged,ban
eden,eden
proceeded,bakinsa
sung,waƙa
skins,fatun
ahiezer,ahiyezer
mat,tabarmarka
quiver,kwarinsa
willfully,gangan
galatia,galatiya
ceiling,katakan
been,kasance
elath,elat
treaty,yarjejjeniya
queens,sarauniyoyi
zedek,zedek
scourge,bulala
numbers,yawa
awaken,ƙishimai
loftiness,girman
generous,bayarwa
coniah,yehohiyacin
members,gaɓoɓin
spilled,salkunan
disputes,ƙididdigar
dry,busasshiyar
concerns,shafi
rows,jeri
jalam,yalam
spices,yaji
madon,madon
gracious,jinkirin
pelonite,felon
you,kai
beyond,urdun
owners,waɗanda
local,gwamnoni
mica,galal
ended,ƙarasa
summoning,kira
barak,barak
kittim,kittim
rachel,rahila
imprisonment,kisa
invisible,halitta
hanamel,hananel
easier,allura
palms,sai
balak,balak
giant,rafa
surprised,mamaki
caesarea,kaisariya
peleg,feleg
mahazioth,mahaziyot
rehearsed,ji
dip,tsoma
constant,aka
apostle,manzo
consuming,hancinsa
thunder,tsawa
land,ƙasar
terror,razana
agrippa,agiriffa
speeches,gardama
urge,roƙonku
leased,hayar
visible,halicci
difficult,kaya
galleries,haɗe
bichri,bikri
teman,teman
clings,manne
shaaraim,arayim
pelethites,feletiyawa
shortened,gajartar
above,bisa
adbeel,adbeyel
mareshah,maresha
neriah,neriya
dragon,macijin
adversary,maƙiya
manoah,manowa
awakes,farka
sensible,kamunkai
elioenai,eliyohenai
fullness,cikar
lesser,ƙaramin
quails,makware
hours,biyu
caesar,kaisar
using,amfani
early,sassafe
diklah,dikla
shemida,shemida
collect,a
does,yi
altered,cikin
pagiel,okran
mistreat,wulaƙanta
fastened,tarin
leaders,shugabanninku
injustice,matalauci
shemiramoth,shemiramot
hare,zomo
accompanied,uwa
gaal,zebul
listens,sauraran
emptied,kuɗin
nobah,noba
zaanannim,anannim
antichrist,magabcin
accepted,yardajje
key,mabuɗin
loops,rammuka
kindles,ƙuna
itching,ƙaiƙayi
assist,taimakon
dared,karambanin
contention,faɗa
rims,kamar
hormah,horma
confusion,rikicewa
sullen,fushi
inherited,mallaki
foes,banka
oppose,hana
carcass,mushensu
measure,girmansu
earned,dawo
alexander,alekzanda
battle,yaƙi
mourner,makoki
mountainside,a
babies,jarirai
desolate,kango
scales,ƙege
geba,geba
fatlings,turkakkun
crane,mashirare
descent,karkashe
lives,raye
appearance,fatar
courage,hali
demas,demas
test,gwada
pekahiah,fekahiya
complained,gunaguni
started,wannan
meholathite,adriyel
greater,fi
sorceress,ku
persons,sonkai
pride,girman
truly,lalle
cleft,cikin
jashobeam,yashobeyam
smelling,ƙanshi
asahel,asahel
obeyed,yehonadab
abound,ƙaunarku
noadiah,nowadiya
denied,m
skin,fatar
worker,aikinmu
winged,ƙwari
sibmah,sibma
sacred,keɓaɓɓun
nurse,renon
wonderfully,yadda
mahalath,mahalat
provocation,tsokanar
vaulted,samanki
ananiah,ananiya
drop,raɓa
marveled,mamaki
afterward,baya
zohar,zohar
tent,tentin
zalmonah,zalmona
broth,romon
box,akwati
erred,gaskiya
wondering,guje
shipwreck,kuma
he,ya
jerah,shelef
rare,wuyan
kiriath,kiriyat
festus,festus
slinging,majajjawa
maacathites,akatiyawa
belshazzar,belshazar
exceeding,mafificin
errors,ne
christ,kiristi
yoked,ko
toll,haraji
rephidim,refidim
guided,bi
rewarded,adalcina
melt,narke
hasty,garaje
leanness,cuta
besai,besai
abram,abram
encircling,siffofin
glorified,ɗaukaka
abated,kurciya
defended,re
band,ɗamarar
convocation,taro
sack,buhunsa
debtor,marasa
plotting,su
sheva,shewa
most,mafi yawa
reveals,tunaninka
stern,jirgin
bethlehemite,betlehem
adah,ada
rods,barbara
potters,yi
bunni,bunni
strangled,murɗe
glorify,waƙoƙi
relatives,dangina
mede,dariyus
sanctuary,wuri
interpreted,fassarar
subdue,abokan
two,biyu
boil,dafa
uncle,hananel
shines,haskakawa
toe,leɓatun
less,balle
shimeath,shimeyat
intending,niyyar
sinner,bafarisiyen
read,karanta
roads,a
climbed,hau
craft,za
publicly,fili
might,don
fowl,masu
dine,shiga
plaster,shafen
deep,zurfi
thomas,toma
scribe,magatakarda
comprehend,fahimci
quarry,fafe
brazier,kasko
wagons,wagonun
izhar,izhar
silvanus,tessalonikawa
cleanse,tsarkake
workmanship,fasaha
polished,wasasshe
tooth,haƙori
should,kamata
quarrel,faɗa
sleeps,barci
frost,hazo
perversity,kake
stephen,istifanus
ears,kunnuwansu
mattenai,mattenai
issue,nni
pontus,fontus
implanted,yi
plowshares,sunsu
prophesies,annabcin
congregations,taro
flute,sarewa
rejects,ƙi
shallum,shallum
nine,tara
ruinous,tsibin
chases,gonarsa
shebnah,shebna
imla,imla
wasteland,ruwan
reclining,karɓar
dare,ƙarfin
mehida,mehida
andrew,andarawus
mourned,makoki
sent,aika
expert,yaƙi
point,tsinin
lewd,mata
chasing,naushin
brother,uwansa
sieve,tankaɗe
havilah,hawila
neziah,neziya
mattithiah,mattitiya
rotten,ruɓaɓɓen
tore,tufafinsa
sown,shuka
braided,tuƙaƙƙun
lord,iko
inmost,ciki
observes,mai
angel,ikan
shelishiyah,eglat
supposed,fatalwa
disbelieved,gaskata
dophkah,dofka
decked,tufafinki
lemuel,lemuwel
unsearchable,ganewar
bend,tanƙware
matthew,mattiyu
fast,azumi
knowledge,sani
engulfed,kewaye
goshen,goshen
shared,tarayya
midday,tsakar
twins,haƙoranki
practices,daidai
tend,lura
craftiness,makircinsu
unharmed,mutum
kanah,ƙarasa
herdsmen,makiyayan
hoshaiah,hoshahiya
desired,awa
joyfully,nan
behaved,taurinkai
devoted,haramta
laborers,inabinsa
siddim,siddim
baal,al
end,ƙarshen
haradah,harada
testify,shaida
corresponding,gefen
jehallelel,yahallelel
hurled,jefe
account,lissafi
ner,ner
remains,rage
awesome,banrazana
bird,tsuntsu
midnight,tsakar
rejection,hezekiya
hakkoz,hakkoz
meremoth,meremot
rest,sauran
write,rubuta
caiaphas,kayifas
kinsman,dangi
stoned,jajjefe
ephod,efod
bondservant,bawa
shaking,karkaɗe
bad,muni
shebuel,shebuwel
heard,ji
kir,kir
eager,marmari
nehelamite,nehelam
ungodly,tsoron
calf,maraƙi
rehum,rehum
nazareth,banazare
gederah,gedera
gehenna,jahannama
consenting,can
flea,cizo
pleased,gamshi
talkers,da
wondrous,ayyukanka
jonathan,yonatan
nahalal,nahalal
recorder,ahilud
hurries,sauri
eshbaal,esh
council,majalisa
wills,yarda
humiliation,an
wars,towu
plainly,misalai
its,nasa
blasphemes,saɓi
provide,tanada
fell,ɗi
amnon,amnon
fires,makamai
onesiphorus,onesiforus
jar,tulun
cherub,kerub
meat,nama
countries,ƙasashe
youth,ƙuruciyarka
ephrath,efrat
amazing,mamaki
likewise,sakamako
kneeling,durƙusa
defecting,iriya
zemaraim,zemarayim
bocheru,sheyariya
high,babban
excessive,ta
disregarded,daga
powerful,huɗu
undefiled,aibi
repair,gyaran
spotted,babare
darics,darik
size,ne
stamped,ƙafafunta
torment,azabarta
jason,yason
pentecost,fentekos
scoffed,har
sings,rera
jezreelitess,ahinowam
samaritan,samariya
whereupon,ɗauke
red,jan
blessed,albarka
disclose,mahaifina
ordained,wurarensu
withdrawn,janye
camps,kakaki
wife,matarsa
shelah,shela
apply,kasa
zarethan,zaretan
archangel,mala
peor,feyor
sweat,ƙasa
kick,kake
gibeonites,gibeyonawa
mahlites,maliyawa
miry,gauraye
require,bukaci
flour,laushi
arpad,arfad
sow,shuki
pleads,dubi
becher,beker
ezekiel,ezekiyel
banquet,liyafar
certificate,takardar
sues,wani
physician,likita
abimelech,abimelek
handle,ƙotar
blows,hura
prostitutes,karuwai
drinks,jinina
rained,sodom
standard,idarsu
rainbow,gizo
sprouts,ta
passage,yake
horrible,bantsoro
entangles,yake
abishag,abishag
bani,bani
herd,aladun
fade,koɗewa
prophetess,annabiya
greeted,gai
hash,hash
bowels,abishai
outsider,wani
mouths,bakunansu
yellow,rawaya
stricken,zafi
cappadocia,kaffadokiya
testified,shaida
speckled,dabbare
planned,sanannu
weeks,makoni
peg,turken
graze,garkunan
familiar,maitanci
valley,kwarin
realm,masarautar
deceiving,ruɗi
dishonors,ananne
mithredath,mitredat
ezem,ezem
company,kora
beams,jeri
surrender,miƙa
lightning,walƙiya
ulam,ulam
heth,hittiyawa
caphtor,kaftor
shake,girgiza
knives,wuƙaƙe
enan,enan
brag,fariya
manifold,jinƙanka
friendship,abokantaka
dirt,rana
minas,darik
affirmed,wani
barabbas,barabbas
rugged,hawa
monster,dodon
arah,ara
foreskins,loɓar
confines,a
shot,saiwoyinta
iconium,ikoniyum
teeth,haƙora
imported,hittiyawa
mibsam,mibsam
reminder,da
paralyzed,shanyayye
roast,gasa
kinsmen,kusa
bed,gado
increase,amfanin
badly,kaina
blight,fumfuna
corpse,da
trust,dogara
eliphelehu,elifelehu
swell,kumbura
elemental,idodin
message,saƙon
trap,tarko
compare,kwatanta
shoved,jefe
epher,efer
fist,naushe
overflowing,rigyawa
fared,kuma
hallohesh,hallohesh
careful,hankali
shimron,shimron
wandered,jejin
weighed,auni
longing,marmari
nest,sheƙarsa
rags,melek
down,gangara
appealed,festus
housetop,rufin
shaul,yamin
bits,yi
zanoah,zanowa
abuse,takobinka
cargo,jirgin
heman,heman
quota,bukace
worm,tsutsa
hooks,ƙugiyoyi
householder,nan
sailors,tuƙin
understand,fahimci
snare,tarko
others,wasu
driver,rauni
conceive,bakararriya
book,littafin
hacaliah,hakaliya
sudden,farat
tails,wutsiyoyinsu
respected,shugabanni
offended,haushinsa
bound,daure
result,bangaskiyarku
begging,bara
returned,koma
cured,warkar
bath,garwan
multiplied,ƙaru
thousand,dubu
patiently,haƙuri
rumor,jita
hamath,hamat
flocks,garkunan
thirteenth,adar
zarephath,zarefat
manager,manajan
island,tsibirin
gotten,arzikin
vile,girmama
pretended,haukace
leviathan,dodon
recover,warke
tongue,harshe
agabus,agabus
abaddon,mutuwa
goldsmith,maƙerin
prolong,donta
ambushers,kwanto
thinking,tsammani
sapphires,saffaya
snow,ƙanƙara
area,bazu
secretly,asirce
omer,mudu
hyssop,hizzob
cave,kogon
win,sami
hang,lilo
burden,kaya
psalm,zabura
humbled,ƙasƙantar
huram,hiram
garment,rigarsa
immediately,jirgin
evenings,safiya
cedars,ul
channel,da
bolts,ƙarfenta
utterance,garaje
avoid,kada
mud,laka
forth,mulkokin
sincerity,gaskiya
murder,kisankai
sweeter,zuma
seers,annabawa
sat,zauna
invite,zo
gebal,gebal
build,gina
hasshub,hasshub
edged,kaifi
principal,bulus
ungodliness,rashin
captivity,bauta
byword,karin
belonging,filin
crag,kuma
be,kasance
remove,cire
leopards,damisoshi
knocking,buɗe
fair,hanyar
penalty,rashin
marrow,mai
stilled,a
osprey,ungulu
plundered,washe
budded,toho
knelt,durƙusa
enjoyed,lokacin
sorry,damu
trusting,dogara
divorced,karuwanci
ammonites,sidoniyawa
almonds,almon
attendant,majami
moving,kayanka
cushan,kushan
firmly,riƙe
direction,merari
ibzan,ibzan
mounts,a
bridegroom,ango
flutters,tana
through,ta
mixing,suke
pursues,korinsu
flawless,kuskure
shuah,zimran
questioned,yesu
ambition,sonkai
satisfied,ƙoshi
riddle,kacici
commander,shi
goring,bijimin
cook,dahuwa
witchcraft,bautar
bearers,teburinsa
word,maganar
base,gindin
simple,azanci
murders,fasikanci
trouble,wahala
contended,gardama
beg,roƙonku
repay,ramuwa
shade,inuwar
pipe,sarewa
wish,fata
three,uku
hoopoe,jinjimi
traffic,kasuwa
gebalites,da
procedure,hanyoyin
storehouse,ajiyarsa
prospered,sairus
jemuel,ohad
sandals,takalma
ram,rago
sparrow,t
evildoer,mugayen
field,jeji
enough,ishe
dream,mafarki
ahinoam,ahinowam
reaching,fiffiken
testifies,shaidarsa
tribute,haraji
ben,ben
answers,amsa
vomited,amayar
supper,cimar
mesha,mesha
victim,gare
libya,libiya
hazazon,hazazon
abase,mini
principalities,ikoki
pitied,tausayi
lyre,molo
new,sabon
beloved,ƙaunataccena
steadfastness,san
michmas,122
owl,mujiya
property,mallakarsa
my,nawa
salted,gishiri
doing,nagarta
roe,sagarin
breaks,fashe
swim,iyo
grumble,gunaguni
exploit,ba
pillar,ginshiƙi
now,yanzu
caterpillar,ɗango
use,karin
uproot,tumɓuke
governor,gwamna
murmuring,raɗe
intercede,allah
bars,sandunan
floor,masussuka
hometown,musu
pavement,daɓen
heavy,nauyi
uttermost,iyakokin
taken,ƙwace
greek,hellenawa
fighting,sojojin
say,ce
precious,daraja
outskirts,ji
blossoms,almon
sowing,shuki
coupling,rammuka
eliphaz,elifaz
disobey,karya
drawing,jirgin
paphos,bafos
second,biyu
history,asalin
assembled,taru
accept,karɓe
swearing,rantsuwar
purchased,saya
discerning,basira
talked,tattauna
foods,abinci
bethel,betel
rider,mahayi
assembly,ikkilisiya
fourteenth,adar
sparrows,kanari
bosom,cinyoyinsu
hearing,karanta
convicted,a
winter,damina
runner,a
fishermen,masunta
bridle,linzami
treasurer,sarkin
hilkiah,hilkiya
fastening,ido
square,murabba
mizraim,anamawa
ishvi,ishbi
useful,amfani
trying,ƙoƙari
statute,farilla
unbelief,bangaskiyarsu
namely,mana
former,d
graves,kaburburanku
striking,shan
abijam,abiyam
orion,mafarauci
shinar,shinar
ivory,hauren
punish,hukunta
bezer,bezer
stories,rumfuna
accusers,ƙararsu
en,en
waver,allah
adonijah,adoniya
kenan,kenan
pen,alƙalamin
tax,karɓar
sprinkled,yayyafa
valuable,kayayyaki
criminals,gicciye
dishonest,ƙazamar
humility,tawali
imlah,imla
sigh,nishi
taskmasters,gandu
strap,takalmansa
trapped,tarko
wicked,mugaye
partly,kuka
finished,haikalin
devised,maƙarƙashiya
hazarmaveth,shelef
removing,za
saints,tsarkaka
roes,ƙishimai
possession,mallaka
masters,iyayengijinku
elishama,elishama
weaver,masaƙa
cushite,kush
owned,ga
gilgal,gilgal
awful,saɓo
outcome,ji
access,bangaskiya
nogah,noga
wasn,tambayoyinta
beards,gemunsu
horror,rawan
offend,laifi
papyrus,kyauro
feed,ciyar
back,koma
thickness,kaurin
anointing,shafewa
chest,ƙirjinsa
excellency,girman
ninety,tasa
sluggard,ragwaye
pursued,fafari
zetham,zetam
bark,haushi
chewed,amma
resisted,don
anything,abu
distresses,damuwarsu
kehelathah,kehelata
where,inda
strings,kayan
horon,horon
lights,haskoki
belong,ɗebe
blind,makafi
wealth,wadata
bedad,awit
reap,girbe
justus,yustus
bit,kamar
bat,jinjimi
young,bijimi
anyone,kowa
dances,rawa
bemoan,makoki
naamah,ama
notwithstanding,kula
gileadites,gileyad
priests,firistoci
priscilla,firiskila
latter,bazara
conceited,girman
rim,dajiyar
reproached,zagen
magnified,zagi
mahlon,malon
sinned,zunubi
craftsman,sana
mules,alfadarai
potter,tukwane
act,laifinsa
leaning,jingine
forbearance,haƙurinsa
minnith,minnit
fastings,fama
buy,saya
mob,da
drink,sha
hul,hul
purged,tsabtacce
perishes,mutuwa
theophilus,tiyofilus
deserves,y
house,gidan
confined,sai
scroll,littafi
garments,riguna
furnish,ku
benefits,dukan
subjected,ƙarƙashinsa
i,na
warms,ɗumi
aaron,haruna
catch,farauta
accuse,zargin
tightly,riƙe
bezek,bezek
imprisoned,gaskata
vigorous,ne
examines,kaɗaice
divorces,zina
saviors,ceto
prepare,shirya
lambs,raguna
gomer,gomer
cunning,ƙulle
withers,yanƙwane
shua,shuwa
circumference,kamu
consumption,zai
pilgrimage,ne
slandered,y
shishak,shishak
purest,zalla
injury,hasara
ambushes,kwanto
accounts,ya
jeshimoth,yeshimot
punished,baiwar
tastes,ɗanɗana
profits,amfana
cloth,zane
apples,gawasa
tabernacle,tabanakul
separates,keɓewarsa
shunem,shunem
pots,cokula
utterly,ƙaƙaf
measures,mudu
useless,ba
daylight,guda
sulfur,kibiritu
apiece,aunin
dan,dan
urine,fitsarinsu
tenderly,ta
hotham,hotam
hypocrite,munafuki
baana,biye
shun,banza
from,daga
refuses,balak
discharged,sake
spiritually,ake
wrongs,dukan
bough,sassare
righteously,yerub
oak,oak
trough,kwami
impute,kada
maimed,shanyayyu
rephaiah,refahiya
lawful,keɓaɓɓen
period,adarta
jarmuth,yarmut
nobody,kaburbura
solitary,can
turned,juya
complaints,gunaguni
refuse,barinsu
wheel,irorin
fashioned,gunki
incline,kasa
plains,filayen
continued,gutsuttsura
diseased,cuta
vintage,girbin
kiln,a
thebez,tebez
bushes,jeji
hananel,hananel
zeresh,zeresh
outcast,domin
stiff,taurinkai
stooped,sunkuya
sheol,kabari
separate,ware
praise,yabi
complaining,ubangiji
seth,set
couches,daraja
mattaniah,mattaniya
mattanah,mattana
unrighteous,dukiya
pisgah,fisga
misrephoth,misrefot
invited,gayyata
zaccur,zakkur
next,kashegari
quiet,shiru
hatred,ƙiyayya
west,yamma
discovered,cewa
seah,farashin
proceeds,fitowa
sanctification,tsarkakewar
ohad,ohad
shimea,shimeya
abishua,abishuwa
overflowed,ad
trained,bi
added,ɗebe
evening,yamma
murmured,gunaguni
ezer,ezer
observed,kiyaye
johanan,yohanan
happened,faru
loaf,burodi
guards,gadi
creates,mutum
maintains,allah
turtledoves,tattabarai
washings,abinci
kabzeel,kabzeyel
medan,zimran
assemblies,ikkilisiyoyi
calls,mazauninka
moladah,molada
intend,masifar
maim,mayim
veils,mutanena
dissolved,sammai
travail,naƙuda
shammah,shamma
mothers,uwaye
conceit,cikin
wilderness,hamada
spared,shanu
sleep,barci
reckoning,yawa
helam,helam
officers,hafsoshin
posts,shirayinta
oven,murhu
opinion,sani
deeded,kogon
plan,dabara
swarms,ƙudaje
ammishaddai,ammishaddai
tilgath,tiglat
jair,yayir
eliashib,eliyashib
elkanah,elkana
were,ne
musician,kaɗe
mid,tsakiyar
properly,kunya
beracah,beraka
find,same
travailed,naƙuda
purah,fura
dyed,rina
scorpions,kunamai
jabesh,yabesh
listen,saurare
gannim,gannim
points,yadda
gatam,gatam
persecutors,tsananta
heldai,heldai
opposes,g
kingdoms,mulkokin
samlah,samla
fierce,zafin
ebenezer,ebenezer
money,kuɗi
harass,ka
ezel,da
travails,naƙuda
sold,sayar
preferred,bayana
concealed,ɓoye
usury,rance
someone,haƙori
oboth,obot
elishah,rodanim
mischievous,da
mephibosheth,mefiboshet
buys,sayi
galilee,galili
wise,hikima
bundles,don
freely,kyauta
lends,bashi
and,da
colhozeh,kol
consciousness,miƙa
entangled,kiristi
sprung,sirara
bitterly,zafi
anoint,shafe
pot,tukunya
doe,barewa
tried,ƙoƙari
mercy,jinƙai
stream,rigyawa
libni,libni
stony,nama
pitched,tentinsa
try,gwada
wing,fiffiken
lentils,waken
know,san
slips,su
sorrowful,dakata
spent,kuɗinmu
roll,mirgina
boiled,dafa
mind,tunani
edomites,edom
guilty,laifi
born,haifa
allegiance,ga
unni,unni
synagogue,majami
pours,ƙarairayi
perpetually,idanuna
persuading,rinjayarsu
couched,zakanya
turn,juya
meditate,tunani
senses,mugunta
brook,rafin
window,taga
thread,tsintsinke
abronah,abrona
cart,maruƙansu
weapons,makaman
leans,dangana
delivering,tsananta
huppim,shuffiyawa
streaks,da
roofs,gidaje
india,indiya
conceits,ɗaga
stare,kaina
wrong,cuci
insurrection,kisankai
width,ɗinsa
tents,tentunan
kills,kisankai
barns,ajiya
nebuchadnezzar,nebukadnezzar
greeks,hellenawa
godly,adalcin
unspeakable,faɗi
study,hankali
appointed,naɗa
hailstones,ƙanƙara
hates,ƙin
shaphan,shafan
no,a'a
children,ilawa
jotbathah,yotbata
gozan,gozan
seller,sayarwa
stork,shamuwa
gibeah,gibeya
reverse,wadatar
appear,bayyana
mahalalel,mahalalel
gittites,gat
desires,so
prayers,o
necessity,tilas
envious,ƙyashin
spreading,shanya
caravans,ayarin
semen,maniyyi
evaluate,kimanta
rebels,tayarwa
beautify,wurinki
obeys,biyayya
afflict,wahalshe
wickedly,hanyoyin
curtain,labulen
reverence,tsarkina
delighted,daɗina
wizards,maitanci
late,almajiransa
mustard,mustad
just,kawai
asherah,ashera
dodo,dodo
relented,dakatar
gog,gog
ater,ater
scattered,watsar
traveling,kowa
binnui,binnuyi
favorable,alheri
wayfaring,baƙo
vengeance,fansa
dancing,rawa
trampled,tattake
bother,dame
mantle,mayafinsa
begun,dominsu
ishmaelite,ishmayel
weeps,kuka
winds,kusurwoyi
plowing,noma
bozkath,bozkat
remembering,tuna
covenants,alkawura
couldn,daurewa
instructions,kiyaye
argued,faɗa
oversight,biyan
dismayed,razana
bebai,bebai
oppressions,zalunci
pleasure,daɗin
requests,gabatar
isaac,ishaku
jehu,yehu
brow,da
kenite,bakene
baths,garwa
weariness,gaji
solemn,hutu
honest,leƙen
nehemiah,nehemiya
adders,k
abiel,abiyel
pregnant,matansu
winnow,iska
bread,burodi
nourishment,kuma
dead,matattu
whomever,mulkoki
folding,naɗin
hanniel,hanniyel
shin,ne
fleeing,gudu
burned,ƙone
east,gabas
uncover,jima
ahead,sallami
man,mutum
hymn,waƙa
deceptively,ba
dibon,dibon
stringed,molaye
farewell,aka
pine,saifires
lodging,azurfansa
sticks,tulu
murderer,kisankan
signet,hatimi
reproves,ɗakin
armlets,ƙawane
transgressor,karya
examining,ta
sheleph,shelef
spend,saurara
affliction,wahalata
serpent,maciji
always,kullum
guard,matsara
crooked,karkace
prey,ganima
publius,shi
moldy,fumfuna
gerar,gerar
assir,assir
fork,cokali
tel,mela
sparks,tartsatsin
megiddo,megiddo
kenites,keniyawa
shining,haskakawa
used,sihiri
fightings,ba
warriors,auka
melts,narke
isolate,kaɗaice
fawns,nonanki
destiny,waɗanda
evaluates,kimanta
grain,hatsi
cuts,kurmi
enemy,abokin
command,umarce
advanced,tsufa
wails,kuka
wake,farka
penuel,fenuwel
deeply,zurfi
sixteen,16
decisions,hukuncin
pleasant,ƙanshi
loathed,ƙi
despises,maƙwabci
pity,tausayi
puffed,wurinku
azgad,azgad
hardly,ƙyar
perfume,ƙanshi
unshrunk,facin
iram,magdiyel
jaws,muƙamuƙanka
advantage,cuce
sealskin,zane
repairing,gyaren
calcol,kalkol
gatekeeper,tsaron
orpah,orfa
seduced,ɓad
bricks,tubula
appaim,affayim
shuthelah,shutela
leaving,jirgin
hamstrung,agaran
paddan,faddan
stained,ɓata
assured,tabbaci
reserved,agaran
discussion,muhawwara
lubim,libiyawa
deadly,fal
oh,kash
fame,tambayoyi
hanoch,hanok
prostituted,suka
thrive,mutane
meraioth,merahiyot
ignorant,jahilai
reel,tangaɗi
establish,alkawarina
mice,ɓeraye
ate,ci
jehoash,yehowash
vowed,adi
adam,adamu
camped,kwana
renown,kyanki
colors,rigan
manhood,cikin
flees,tserewa
reject,alkawarina
judea,yahudiya
innocent,zub
flows,malala
elim,elim
milcom,alliyar
zoan,zowan
ruin,lalacewata
absence,tare
openly,ubanka
suit,absalom
granted,bukatarki
attacking,sai
jerahmeelites,keniyawa
unfruitful,shaƙe
snatch,ƙwace
thistles,sarƙaƙƙiya
farther,lungu
poisoned,dafi
fig,ɓaure
cabul,kabul
settled,daidaita
hills,tuddai
porch,shirayin
able,iya
toward,wajen
heavenly,samaniya
food,abinci
glory,ɗaukakar
teraphim,zubi
mattan,mattan
correct,hore
cover,rufe
quieted,ce
jedaiah,yedahiya
gur,gur
adds,wadata
wanderer,barkatai
wild,jeji
expedient,fi
jozadak,yozadak
doorkeeper,ƙofa
quakes,girgiza
commission,yoshuwa
scoundrel,mazambaci
grieves,baƙin
today,yau
lust,awarta
containing,na
smelled,ji
sell,sayar
plates,gwani
ravens,hankaki
azmaveth,azmawet
till,nome
entreat,roƙonku
showing,ƙaunata
titles,baki
across,gyaren
nephtoah,neftowa
ewes,raguna
waves,raƙuman
eyelids,idanunta
hall,zaure
exercised,na
choicest,mafi
stoop,ba
footed,rababben
sisera,sisera
howl,tarshish
rehabiah,rehabiya
holy,tsarki
zealous,himma
porches,an
oppressed,danne
innocence,hannuwa
christian,kirista
atroth,atrot
shaveh,shabe
jailer,kurkukun
abyss,abis
records,tarihi
soldier,soja
lit,fitilun
nests,sheƙuna
eleven,hamutal
profitable,amfane
overcome,ubanni
isaiah,ishaya
cornerstone,magina
similar,wani
lydda,lidda
enraged,fushi
loaded,jibga
confounded,kunya
precepts,farillanka
silence,shiru
fills,ƙosar
offering,hadaya
fight,yaƙi
bands,mahara
zimmah,zimma
stand,tsaya
leaves,ganyayensa
zedad,zedad
pronounced,masifar
confuse,rikitar
loom,kamar
paul,bulus
invade,ga
says,ji
none,babu
speech,maganarku
helps,taimakon
lacking,kammala
structure,shiga
haven,tuntuni
steps,matakai
bloody,kaito
treads,takunkumi
situation,kun
hiding,ɓuya
mighty,jarumawa
pruned,yi
thrown,jefar
immorality,fasikanci
possible,yiwuwa
hadid,hadid
scepter,sandar
art,shafewa
lords,iyayengiji
stubble,hurawa
tempted,jarrabce
imparted,gama
waist,ɗamara
weary,gaji
springing,rai
masons,kafintoci
pleasers,aiki
side,gefe
telling,midiyawa
circle,sammai
unthankful,godiya
declaring,sanar
rash,garaje
lintel,dogaran
ramp,da
thaddaeus,taddayus
flow,kwararo
lame,guragu
marketplaces,kasuwanci
dries,busar
released,ewil
harosheth,haroshet
overwhelmed,ƙarfina
drought,ri
zuar,zuwar
receded,ruwan
inspired,ta
defiled,ƙazantar
standards,idarsu
enclosed,tsaiko
bill,takardarka
glowing,walƙiya
exacted,ƙasar
us,mu
brooks,rafuffukan
jeush,yewush
deny,cara
distinction,bambanta
inform,sanar
antelope,kuma
ramath,ramat
ravening,kyarketai
to,ga
confession,shaidawa
bloodthirsty,kisankai
contempt,reni
horseback,mahayin
pursue,fafare
workman,shuɗi
nahath,nahat
inner,ɗaki
harps,garayu
uninhabited,kowa
torch,hayaƙi
hezro,arai
deceiver,ruɗi
tumult,ihun
madness,hauka
together,taru
line,igiyar
fifteenth,biki
opening,buɗe
planning,ad
strike,bugi
desire,so
likeness,kamannin
throws,shi
piece,ƙerarriyar
rosh,tubal
cheer,bangaskiyarki
tetrarch,hiridus
rissah,rissa
holding,lamiri
ear,kunne
potiphar,fotifar
melons,a
turmoil,da
discreet,basira
meunim,meyunawa
decrease,kuma
march,zaga
helem,ɗan
forgiveness,gafarar
gomorrah,gomorra
ezion,eziyon
hornet,rina
profess,aiki
choke,shaƙe
jordan,urdun
fattened,ƙiba
you,ke
iddo,iddo
zebedee,zebedi
lodged,ta
mocks,dariya
vines,inabinsu
yourself,kanka
dagon,dagon
decided,furta
zorah,zora
akkub,akkub
gaash,ash
behavior,nagari
contentment,da
rid,kawar
cormorant,jaka
drunk,bugu
dedication,keɓewar
standing,tsaye
arabia,arabiya
present,kyauta
hararite,harar
unbelievers,marasa
risen,matattu
sustains,riƙe
melah,mela
fetched,dawo
raged,domin
ishvah,ishba
unprofitable,riba
joppa,yoffa
seems,mutanenmu
lake,tafkin
rebuke,tsawata
bank,aladun
married,aure
valiant,jarumawa
grove,itatuwan
nation,umma
father,mahaifinsa
blessings,albarkun
drunkenness,buguwa
topheth,tofet
tithes,zakka
trial,gwaji
renew,sabunta
ahira,ahira
dinah,dina
ephesians,afisawa
future,zuciya
pig,alade
case,felis
survivors,tsira
burning,wutar
daytime,dare
attack,hari
sand,yashi
dashed,fyaɗa
jerimoth,yerimot
falsely,rantsuwar
coriander,riɗi
jebusites,yebusiyawa
glean,kala
filling,ruwan
lamentations,makoki
shashak,shashak
threatened,dukan
ar,mowabawa
youthful,rungumi
assemble,tattaru
store,isashe
stirs,kwantar
hebron,hebron
half,rabin
glutton,mashayi
happening,faruwa
adullam,adullam
joash,yowash
oil,man
granddaughter,auri
everyone,kowa
eunuch,n
nothing,kome
tobijah,heldai
meon,meyon
treasurers,marubutan
showed,nuna
filled,cika
exalted,ɗaukaka
bare,tik
galileans,galiliyawa
tobiah,tobiya
gathers,ayya
chief,kaɗe
else,salkunan
maintained,yi
kinds,iri
gemariah,gemariya
rithmah,ritma
transformed,yake
billows,ruwanka
oldest,eliyab
mehetabel,mehetabel
blue,shuɗi
assault,k
enter,shiga
rezeph,assar
sponge,soso
appointment,uwansa
dash,tallafe
raisins,kauɗar
ananias,ananiyas
stars,taurari
addar,addar
greeting,jaririn
bereaved,haƙoranki
hungry,yunwa
weaned,yaye
marked,ruwaye
rushed,aladun
vegetables,lambu
landmark,gusar
pledges,rantsuwar
disputing,majami
approve,amince
discern,bambanta
doorkeepers,teresh
revelations,wahayoyi
sheriffs,marubutan
shaalbonite,albo
shamefully,zage
excellent,mafifici
pinnacle,iblis
accord,wurinku
words,kalmomin
mahlah,nowa
comforter,aziyya
zachariah,habila
pekod,fekod
each,kowanne
helpers,taimake
large,yantacce
several,kwanaki
family,kabilar
timnah,timna
vast,da
tens,dubbai
joints,gaɓoɓi
corruptly,lalaci
presses,matsi
deliverer,kagarata
lump,curin
measurements,shirayinta
beroea,bereya
ono,ono
conspired,maƙarƙashiya
carites,komandodin
whole,dukan
opposed,g
plagues,annobai
reply,magana
calah,kala
rehoboam,rehobowam
grass,ciyawa
for,domin
choice,kurminsa
shemaiah,shemahiya
elnathan,elnatan
jehonathan,yehonatan
beaten,bekas
fails,ƙarfina
inhabits,zama
exulting,farin
comforters,hanun
hour,tara
abinoam,abinowam
gazelle,mariri
shelumiel,shelumiyel
partners,suka
rooster,cara
zalmunna,zalmunna
stranger,baƙo
faithfully,aikinsu
ropes,igiyoyi
ornamented,kyau
abiathar,abiyatar
distributing,ga
killing,kisan
maker,mahaliccinsu
malicious,da
gedi,gedi
consulted,jefa
betrays,bashe
adulterers,mazinata
abishalom,abisalom
drawers,yankan
conflict,kuka
freed,yantar
repaid,muguntar
mishael,mishayel
azaliah,azaliya
swiftly,gaggawa
abel,abel
depths,zurfafan
supported,waɗanda
buying,sassaƙaƙƙun
flat,busa
ephraimite,efraim
put,kashe
bitter,ɗaci
miseries,take
treat,sami
horites,horiyawa
generations,tsararraki
pure,zalla
forced,gandu
southward,kudu
dough,ɓarzajjen
hatita,shobai
bond,rantse
helper,taimakona
slander,baza
ijon,iyon
name,sunan
murderers,iyaye
matthias,mattiyas
broad,suna
jerubbaal,yerub
jekamiah,yekamiya
riots,hargitsi
geshem,geshem
signifying,mutuwar
shamgar,shamgar
equality,da
tenths,kwaɓaɓɓe
dill,ɗaɗɗoya
plantation,da
enticed,sha
flew,firiya
mirror,madubi
i,ni
sorrows,naƙuda
agree,shaidarsu
eyesight,adalcina
benhadad,hadad
encamp,idarsu
immovable,saboda
memorial,tunawa
circuit,zuwa
julius,juliyos
bahurim,bahurim
harder,dutse
appeal,kaisar
intended,wani
carry,ɗauka
strive,hamayya
mirrors,da
sew,yin
passing,shuɗewa
shalmaneser,shalmaneser
bohan,bohan
relent,juyayi
archers,maharba
hymns,waƙoƙi
enemies,abokan
seeing,bangaskiyarsu
burnished,tagullar
hordes,sojojinka
artemis,artemis
envy,kishin
gods,alloli
deceits,so
lazy,kan
undone,kemosh
lucius,lusiyus
fully,farillan
informed,ƙararsu
jethro,yetro
veil,labulen
childless,bakararriya
shamed,kunya
tekoites,tekowa
number,yawan
laugh,dariya
containers,tulunan
aristarchus,aristarkus
reba,ewi
follow,bi
mikneiah,elifelehu
injures,sai
yesterday,jiya
profaning,asabbaci
unforgiving,ƙauna
hostility,ƙiyayya
escorted,an
praising,yabon
ran,ruga
lice,cinnaku
paid,kobo
hypocrites,munafukai
cease,daina
overtakes,masifa
justifying,laifinsa
revolt,tayarwa
companies,ƙungiyoyi
vashti,bashti
chasten,hore
vipers,macizai
blankets,a
achish,akish
brace,namiji
benjamite,gera
builders,magina
venom,dafin
gifts,baye
courts,filayen
languish,bushe
greediness,ba
lowest,tsakiya
prison,kurkuku
shepher,shefer
henna,ne
tumultuous,mutu
flourish,haɓaka
assuredly,sarautata
evil,mugunta
roof,rufin
as,kamar
placed,zaunar
ichabod,ikabod
crying,ihu
servants,bayinka
wedding,auren
charging,umarci
steal,sata
cinnamon,sinnamon
grow,ciyawa
lacks,rasa
wedge,doguwar
chaldea,kaldiya
open,buɗe
if,in
cumin,ɗaɗɗoya
bukkiah,bukkiya
mocker,hikima
refused,ƙi
haired,furfura
oholibamah,oholibama
jewelry,kayan
flame,harshen
reconciled,sulhunta
crafty,wayo
decapolis,dekafolis
sexual,fasikanci
returning,gida
uzziel,uzziyel
borrow,rance
material,azurfa
shealtiel,sheyaltiyel
lattice,tagar
bethuel,betuwel
travels,ana
executes,ƙarƙashina
shear,tumakinsa
forewarned,irin
amounts,amfani
whereas,gauraye
tabitha,tabita
dishonored,ga
jealous,kishi
prophets,annabawa
fades,yaushi
strikes,mare
molten,zubi
evi,ewi
oded,oded
fatness,raɓar
nob,nob
stood,tsaya
unripe,itacen
throw,jefa
mallothi,malloti
pontius,buntus
uttering,suna
wins,mai
tip,leɓatun
ahohite,aho
naphtuhim,anamawa
forts,mahaurai
inferior,fi
aquila,firiskila
consecrated,rigunan
underneath,mahaɗin
believes,gaskata
imagery,da
nazarene,banazare
teresh,teresh
furrows,kunyoyinta
signed,takarda
seize,jagoran
helped,taimake
fire,wuta
upside,kife
reign,mulki
turns,adalcinsa
tingle,urushalima
restore,mayar
watching,kallo
chains,sarƙoƙi
thought,tsammani
lysias,lisiyas
justification,laifi
escape,tsira
unwalled,suke
wondered,mamakin
awe,girmama
life,rai
thessalonians,tessalonikawa
homage,durƙusa
neglect,aka
seat,murfin
inside,ciki
ladan,ladan
drunken,tangaɗi
pestilence,annoba
wives,matansu
abounding,daram
oppression,danniyar
dens,kogunansu
stalls,kekunan
moreh,more
urim,urim
bag,jaka
salutes,yana
dividing,rarraba
understood,gane
diminished,ragu
chaldeans,babiloniyawa
chop,da
intent,ƙudura
browses,ƙaunataccena
watercourses,kwaruruka
worry,kai
eunuchs,b
stooping,ƙyallayen
whips,kunamai
hot,zafi
fan,ba
adorn,adon
horse,doki
indeed,baftisma
defense,riyata
micah,mika
sardis,sardis
merodach,babilon
block,tuntuɓe
gained,ribar
sailing,iso
holes,ramummuka
whether,ko
grasshoppers,ɗango
widely,gaya
breed,haihuwa
amasai,amasai
offense,tuntuɓe
uproar,hayaniya
lie,kwanta
miss,ɓace
seahs,mudun
meaning,duniya
apostles,manzanni
allotted,rarraba
blast,hancinka
nimshi,nimshi
factions,kishi
ellasar,amrafel
tattenai,bozenai
adin,adin
disguised,ɓad
duty,tabanakul
purity,tsarki
seventh,bakwai
thick,gizagizai
immer,immer
sacrificing,hadayu
lepers,kuturta
joseph,yusuf
met,sadu
alliance,ƙulle
prophecies,annabci
oppresses,matsa
divination,sihiri
aeneas,eniyas
reaiah,reyahiya
thirteen,kiwonsu
lute,molo
exchange,musayar
treading,inabi
rishathaim,rishatayim
frightened,tsoro
pinon,finon
grew,shaƙe
heave,baiko
spies,leƙen
affairs,harkokin
mending,kifinsu
attend,faɗa
emptiness,wurin
with,da
kings,sarakunan
thirty,talatin
practiced,ruhohi
dor,dor
lime,ƙone
michmash,mikmash
hospitality,karɓan
day,rana
lowing,ba
peniel,yana
arrived,isa
nineteenth,nebuzaradan
eshban,keran
migdol,migdol
marble,tsada
lilies,furen
hunts,farautar
uncircumcision,kaciyar
obeying,biyayya
gloom,azaba
reeds,4
nights,yini
parted,rababben
abhors,ƙyamar
shuppim,shuffiyawa
or,ko
hashabneiah,hashabnehiya
music,sarewa
zeboiim,adma
published,lardi
peace,salama
fringes,tuntu
remnant,raguwar
prosper,nasara
redeems,fanshi
vineyard,gonar
boundary,shaidar
tahpanhes,tafanes
loses,ransa
fights,dominku
safe,lafiya
condition,sharaɗi
binding,wuyan
rebelled,tawaye
tongs,arautaki
sharezer,sharezer
thessalonica,tessalonika
desolations,hallakar
skill,gwani
babylon,babilon
deceitfully,ruɗu
wrap,kuma
wells,rijiyoyin
netophathites,netofawa
sometimes,girgijen
prancing,dawakai
slept,kakanninsa
hammeah,hananel
ceases,kaɗe
zophar,zofar
adonikam,adonikam
resembled,kamar
seeking,ƙoƙarin
however,masujadan
stone,dutse
jehudi,yehudi
raiders,hari
need,bukata
ithream,egla
wayward,lamunin
token,tsakanina
eliel,eliyel
robbery,zalin
cup,kwaf
loosened,har
greece,girka
lawgiver,mai
amzi,amzi
danger,hatsarin
offerings,hadayun
partner,aikina
iphtah,ifta
addition,hadayarta
myrtle,zaƙin
madai,tiras
daughters,mata
best,mafi
sang,rera
beans,wake
convinced,ya
obtains,mace
signal,alama
remaliah,remaliya
joses,kafinta
matthat,mattat
pant,haki
ground,ƙasa
algum,algum
arisen,annabi
knee,gwiwa
warfare,yaƙi
ministry,hidimar
idols,gumaka
pashhur,fashhur
wipe,hawaye
reproof,tsawatata
flowing,madara
tolerate,haƙuri
nobles,manyan
bilshan,bilshan
shield,garkuwa
disputed,amma
blackness,ƙirin
makers,su
blew,busa
spoke,musa
near,kusa
egyptians,masarawa
every,kowane
things,abubuwa
haccherem,hakkerem
neck,wuyansa
divine,duniya
bethany,betani
possessor,mahaliccin
toes,yatsotsi
repaired,ƙarfenta
likely,yi
sabteca,sabteka
halah,hala
opposite,ɗaura
pushed,ture
widow,gwauruwa
thrones,kursiyoyi
vine,kuringar
seed,iri
diligence,iyakacin
wombs,gama
zeredah,zereda
mizpeh,mizfa
shabbethai,shabbetai
judas,iskariyot
bitterness,ɗacin
prolonged,ta
cud,rababben
consume,asu
sir,ranka
usually,yadda
genealogy,zuriya
praises,rera
sought,nemi
mix,yadda
individually,kiristi
isn,ashe
mysteries,asirai
sanctifies,asabbataina
whip,bulala
endures,madawwamiya
memphis,memfis
sinews,jijiyoyi
jediael,yediyayel
prowl,yawo
office,saƙaƙƙun
adoption,riƙo
gateway,mini
joah,yowa
sweep,share
households,iyalai
boughs,rassansa
admonish,gargaɗi
stir,ƙishimai
traveler,baƙon
sharon,sharon
changers,canjin
grace,alherin
gores,bijimin
mistaken,kuskure
ahasuerus,zerzes
prudence,rarrabewa
audience,don
swarmed,da
sered,yaleyel
jewels,adonki
dominion,ajiyarsa
argument,gardama
smyrna,simirna
settles,ta
shoots,yaɗuwa
fatherless,marayu
guilt,diyya
samaria,samariya
declines,tashi
brightness,haskenki
hatch,ƙyanƙyashe
followed,bi
clothing,tufafi
pass,ratsa
wrongfully,ƙina
promises,alkawaran
gilboa,gilbowa
feeds,ciyar
fowler,tarkon
kain,da
crucified,gicciye
coat,hular
cleanness,adalcina
forsakes,horo
hunger,ƙishirwa
displayed,ga
issachar,issakar
thinks,ruɗin
husband,mijinta
beor,beyor
vanished,ɓace
increases,tara
penny,kobo
arabian,arab
won,ƙara
kerioth,keriyot
testifying,sila
fresh,salkuna
caressing,ad
expecting,hankalinsa
bald,goshinsa
builder,yana
discloses,mini
dipped,tsoma
turban,kambi
compared,kwatanta
means,kobo
epaphras,efafaras
oaks,oak
sheshbazzar,sheshbazzar
delicately,kayan
partake,ashe
gath,gat
purse,jaka
shimeites,da
shittim,shittim
endure,jimre
spring,maɓulɓular
bonds,sarƙoƙi
elpaal,efa
believers,gaskata
violated,da
persuaded,shawo
collector,karɓar
believe,gaskata
fuller,wanki
fugitives,hijira
sarah,saratu
foot,ƙafa
sower,shuka
trance,wahayi
avvim,awwiyawa
paradise,faɗa
fifteen,rammukansu
pained,cikina
donkeys,jakuna
bind,daure
cloaks,mayafansu
advance,f
sodomites,karuwai
ozem,ozem
women,mata
idolatry,bautar
labor,gandu
hovering,ta
fleece,ulun
hammedatha,hammedata
earrings,ƙawane
ascend,gizagizai
sanctuaries,tsarkakan
harshness,tsanani
delicate,kirki
plot,ƙulla
jehoram,yehoram
true,gaskiya
unholy,tsabta
rival,kishiyarta
commandment,umarnin
thummim,tummim
professing,masu
areopagus,areyofagus
service,hidimar
strong,ƙarfi
ittai,ittai
sin,zunubi
gentiles,ummai
miniamin,miniyamin
brutish,azanci
shammua,shammuwa
prune,shuki
guidance,bishewa
houses,gidaje
was,ne
agreed,yarda
hephzibah,hefziba
anew,sabo
religion,yahudanci
foreordained,ƙaddara
fulfillment,ƙarshen
gedaliah,gedaliya
restores,maido
adultery,zina
shakes,girgiza
merry,tilis
shimei,shimeyi
unsuspecting,ɗa
abundantly,ƙaru
den,ramin
hardship,sarƙa
shebna,shebna
boaz,bowaz
wood,itace
ostrich,jimina
outbursts,tsattsaguwa
annas,annas
infant,jarirai
avenger,ramako
coming,dawowar
nowhere,amsa
raid,ziklag
javelin,m
padon,fadon
dishes,farantansa
girls,wasa
hamon,gog
amalekites,amalekawa
attendance,teburinsa
clods,noma
staff,sandan
flies,ƙudaje
wash,wanke
hireling,hayarsa
serug,serug
wound,raunin
groaned,kuma
cretans,kiretawa
requested,daniyel
sufferings,wahalolin
azmon,azmon
until,har
persuade,allahn
encampments,sansaninsu
defend,marayu
around,kewaye
hide,ɓoye
abiezer,abiyezer
ride,dokin
row,jeri
demolish,duwatsunsu
trophimus,turofimus
commotion,hargitsi
laid,ɗibiya
knew,san
kemuel,kemuwel
contemplation,maskil
linen,lilin
constrained,ƙi
apostleship,manzo
indignation,fushinsa
zophim,shi
hardness,taurin
necessary,muhimmanci
liberally,sake
corrupted,lalace
dark,duhu
anointed,shafe
gushed,ɓulɓulo
for,don
bite,in
friends,abokansa
homer,ganga
wave,kaɗawa
malchijah,malkiya
westward,yammancin
happens,ƙaddarar
months,watanni
malice,ƙeta
arises,razanar
deborah,debora
visitation,hukuncinsu
love,ƙauna
amethyst,ametis
encouragingly,kuma
embalmed,maganin
unveiled,a
natural,asali
elam,elam
completed,tsabtaccewarta
folly,wauta
rights,marayu
inscribed,rubutun
olive,zaitun
planks,katakai
royal,sarauta
regarding,dangane
harhur,harhur
palm,dabino
